   0.00000000       3.3062144950990670E-002
  0.100000001       3.5747437536406405E-002
  0.200000003       3.5754850763823079E-002
  0.300000012       3.6523323117596040E-002
  0.400000006       3.7921280060322533E-002
  0.500000000       3.6974485074566805E-002
  0.600000024       3.8638156441393033E-002
  0.699999988       3.9268402182031627E-002
  0.800000012       3.9109620105706490E-002
  0.899999976       3.8269653368948192E-002
   1.00000000       3.8631715908284833E-002
   1.10000002       3.8261331557783655E-002
   1.20000005       3.7931296196312372E-002
   1.29999995       3.9218062539941007E-002
   1.39999998       3.9934565158513020E-002
   1.50000000       3.7950089318705221E-002
   1.60000002       3.7828547469768790E-002
   1.70000005       3.9170462830689617E-002
   1.79999995       3.9208875106412674E-002
   1.89999998       3.8310611463742206E-002
   2.00000000       3.8068630624012417E-002
   2.09999990       3.8799940850437240E-002
   2.20000005       3.9809755518366928E-002
   2.29999995       3.5818837077470904E-002
   2.40000010       3.7227114331390393E-002
   2.50000000       3.9120341129173751E-002
   2.59999990       3.5340618689019970E-002
   2.70000005       3.7792517186276374E-002
   2.79999995       3.8059125625717685E-002
   2.90000010       3.6097629725600856E-002
   3.00000000       3.7348138357873345E-002
   3.09999990       3.5500898468287224E-002
   3.20000005       3.4540377875980799E-002
   3.29999995       3.4241264255115970E-002
   3.40000010       3.4030833387869275E-002
   3.50000000       3.4867911998373254E-002
   3.59999990       3.5055342157997965E-002
   3.70000005       3.4567425035204644E-002
   3.79999995       3.4149798297443766E-002
   3.90000010       3.3308955253676824E-002
   4.00000000       3.4698553631687480E-002
   4.09999990       3.2578897706474243E-002
   4.19999981       3.2747550757367572E-002
   4.30000019       3.2095051400918589E-002
   4.40000010       3.1127045082643898E-002
   4.50000000       3.2122170200190731E-002
   4.59999990       3.0543790338513913E-002
   4.69999981       3.1561988870107270E-002
   4.80000019       3.0487230527877555E-002
   4.90000010       3.0842281286936325E-002
   5.00000000       2.9638164266592246E-002
   5.09999990       2.9867275200741741E-002
   5.19999981       3.1165393492945701E-002
   5.30000019       2.8925956072913764E-002
   5.40000010       2.8529801705243669E-002
   5.50000000       2.7701040267370303E-002
   5.59999990       2.7695138725320114E-002
   5.69999981       2.8083880886088233E-002
   5.80000019       2.7273175510411550E-002
   5.90000010       2.7773166151277721E-002
   6.00000000       2.7802257243655083E-002
   6.09999990       2.5434314812000328E-002
   6.19999981       2.6157496085112676E-002
   6.30000019       2.6217422961832000E-002
   6.40000010       2.5761991788259640E-002
   6.50000000       2.4409117049343763E-002
   6.59999990       2.5488915806463928E-002
   6.69999981       2.4251731152989748E-002
   6.80000019       2.3688874674723345E-002
   6.90000010       2.4129679132221474E-002
   7.00000000       2.3666846766060665E-002
   7.09999990       2.3324818381143985E-002
   7.19999981       2.2189938607561268E-002
   7.30000019       2.2112839308234752E-002
   7.40000010       2.1520711826919763E-002
   7.50000000       2.1316565649357338E-002
   7.59999990       2.0982389707055359E-002
   7.69999981       2.0931077701139264E-002
   7.80000019       2.0425521237737172E-002
   7.90000010       1.9402790313134206E-002
   8.00000000       2.0750545173752348E-002
   8.10000038       2.0187319704603916E-002
   8.19999981       1.9643418311619469E-002
   8.30000019       1.8641618305159254E-002
   8.39999962       1.8149499709640887E-002
   8.50000000       1.8836023434217135E-002
   8.60000038       1.8863938259541836E-002
   8.69999981       1.7585724120308933E-002
   8.80000019       1.7542567474351168E-002
   8.89999962       1.7365660499047478E-002
   9.00000000       1.7827972001427134E-002
   9.10000038       1.6641582342276046E-002
   9.19999981       1.6540333514371699E-002
   9.30000019       1.5968096797216742E-002
   9.39999962       1.6014561859347475E-002
   9.50000000       1.5973991362249435E-002
   9.60000038       1.5490759589001016E-002
   9.69999981       1.6110641572482348E-002
   9.80000019       1.5129248839042396E-002
   9.89999962       1.5319362770248687E-002
   10.0000000       1.4924952078543446E-002
   10.1000004       1.4777414772842010E-002
   10.1999998       1.4159351147727898E-002
   10.3000002       1.3704304396345115E-002
   10.3999996       1.3929643222905732E-002
   10.5000000       1.3253062018429638E-002
   10.6000004       1.2861185043901492E-002
   10.6999998       1.3549415933354111E-002
   10.8000002       1.2701289572597498E-002
   10.8999996       1.2440056890407451E-002
   11.0000000       1.2413966098943924E-002
   11.1000004       1.1361871488791794E-002
   11.1999998       1.2383276218946075E-002
   11.3000002       1.1720152865611733E-002
   11.3999996       1.1509966144311356E-002
   11.5000000       1.1420479513049165E-002
   11.6000004       1.1322132000660746E-002
   11.6999998       1.0950339250636307E-002
   11.8000002       1.1030941729423423E-002
   11.8999996       9.9445473343974505E-003
   12.0000000       1.0387224726255815E-002
   12.1000004       1.0045531947338518E-002
   12.1999998       1.0042850133984678E-002
   12.3000002       9.7056784842535597E-003
   12.3999996       9.6190025992713857E-003
   12.5000000       9.2106588600764060E-003
   12.6000004       8.4088788246875212E-003
   12.6999998       9.0722556676894970E-003
   12.8000002       8.5962912125437298E-003
   12.8999996       8.3202458147168829E-003
   13.0000000       8.8371388074976395E-003
   13.1000004       8.6552050582064319E-003
   13.1999998       7.9024028907619219E-003
   13.3000002       8.2222414381322700E-003
   13.3999996       7.6968226761949558E-003
   13.5000000       8.2800123862427841E-003
   13.6000004       7.6493233606425579E-003
   13.6999998       7.3858352347266716E-003
   13.8000002       7.0882350770468837E-003
   13.8999996       7.3596903872707349E-003
   14.0000000       7.0017437404879578E-003
   14.1000004       7.3432270662862256E-003
   14.1999998       7.0147490290814176E-003
   14.3000002       6.3959146648642756E-003
   14.3999996       6.4356260255663917E-003
   14.5000000       6.7218123546101171E-003
   14.6000004       6.5056806436642823E-003
   14.6999998       6.3960921639193051E-003
   14.8000002       6.0344294257906883E-003
   14.8999996       5.3623839284066693E-003
   15.0000000       5.7776460052549614E-003
   15.1000004       5.8276142143418395E-003
   15.1999998       5.6793985761296097E-003
   15.3000002       5.9267578964865520E-003
   15.3999996       5.6168712509130601E-003
   15.5000000       5.2067814549797403E-003
   15.6000004       5.3430203793663035E-003
   15.6999998       5.3514335852540397E-003
   15.8000002       4.9040493368923488E-003
   15.8999996       5.1915634276091796E-003
   16.0000000       5.0579337232672045E-003
   16.1000004       5.2680224992512435E-003
   16.2000008       5.2434520823379099E-003
   16.2999992       4.8866562754332904E-003
   16.3999996       4.1426704442439084E-003
   16.5000000       4.4027249236588857E-003
   16.6000004       4.7518426631433302E-003
   16.7000008       4.5323666729006140E-003
   16.7999992       4.1423225455600810E-003
   16.8999996       4.4320874378484436E-003
   17.0000000       4.2481675699501042E-003
   17.1000004       4.0978179159858888E-003
   17.2000008       4.0535593772316036E-003
   17.2999992       3.7030218270036400E-003
   17.3999996       3.5154184931839175E-003
   17.5000000       4.0749145165796885E-003
   17.6000004       3.7833987031295974E-003
   17.7000008       3.5812985337424384E-003
   17.7999992       3.7860050449628414E-003
   17.8999996       3.4026589230508825E-003
   18.0000000       3.4881355107118676E-003
   18.1000004       3.4548496286808152E-003
   18.2000008       3.5712296063502916E-003
   18.2999992       3.3732129992559358E-003
   18.3999996       3.3718825019134809E-003
   18.5000000       3.2535496740774749E-003
   18.6000004       3.4082233726292748E-003
   18.7000008       3.5000095188128552E-003
   18.7999992       3.3823543883863315E-003
   18.8999996       3.5741247950801950E-003
   19.0000000       3.3183570139822477E-003
   19.1000004       3.1253837254306845E-003
   19.2000008       2.9257778010433402E-003
   19.2999992       3.3307294994448749E-003
   19.3999996       2.9945122418729890E-003
   19.5000000       2.9564435660541133E-003
   19.6000004       3.0626220920185014E-003
   19.7000008       3.0170513626198636E-003
   19.7999992       2.7077436844236435E-003
   19.8999996       2.9868430525613371E-003
   20.0000000       2.6266620333642568E-003
   20.1000004       2.6276223955084966E-003
   20.2000008       2.4717743531381450E-003
   20.2999992       2.5401859734614568E-003
   20.3999996       2.5562605767830808E-003
   20.5000000       2.4833174390587204E-003
   20.6000004       2.5216667452543223E-003
   20.7000008       2.4786977276300168E-003
   20.7999992       2.3108403408711575E-003
   20.8999996       2.4741796573964558E-003
   21.0000000       2.5049173016444557E-003
   21.1000004       2.3893838686929792E-003
   21.2000008       2.2088005676147416E-003
   21.2999992       2.2108943647451522E-003
   21.3999996       2.0968991401132679E-003
   21.5000000       2.3091938981389085E-003
   21.6000004       2.1594123633063055E-003
   21.7000008       2.2697303075356837E-003
   21.7999992       2.1495067009597284E-003
   21.8999996       2.0370158147002423E-003
   22.0000000       2.0753294844898899E-003
   22.1000004       2.2705633005226833E-003
   22.2000008       2.1657181013739184E-003
   22.2999992       1.8765429409944490E-003
   22.3999996       2.0780347282427407E-003
   22.5000000       1.8823557903133734E-003
   22.6000004       1.9699874061026514E-003
   22.7000008       1.9163354095629267E-003
   22.7999992       1.9824366953317511E-003
   22.8999996       1.8448358366417060E-003
   23.0000000       1.8828258506002132E-003
   23.1000004       1.7949442372170586E-003
   23.2000008       1.6795730387818794E-003
   23.2999992       1.8081033101748675E-003
   23.3999996       1.5683043120871031E-003
   23.5000000       2.0289227237877930E-003
   23.6000004       1.7551388077671503E-003
   23.7000008       1.7376490196788475E-003
   23.7999992       1.5344545453215611E-003
   23.8999996       1.7715780530912148E-003
   24.0000000       1.4663902910222158E-003
   24.1000004       1.5590844685097562E-003
   24.2000008       1.5012746373362278E-003
   24.2999992       1.6071480186150271E-003
   24.3999996       1.4815298665779356E-003
   24.5000000       1.4513808642144937E-003
   24.6000004       1.5567279196063047E-003
   24.7000008       1.6616550305888042E-003
   24.7999992       1.4695577420096612E-003
   24.8999996       1.3656962104609260E-003
   25.0000000       1.5509631456740399E-003
   25.1000004       1.5880811935419360E-003
   25.2000008       1.5247460366115662E-003
   25.2999992       1.4950385338562066E-003
   25.3999996       1.5054207066435830E-003
   25.5000000       1.4093983038176259E-003
   25.6000004       1.4929050323895538E-003
   25.7000008       1.4502699382818089E-003
   25.7999992       1.1896948213418752E-003
   25.8999996       1.3193336877043115E-003
   26.0000000       1.1587830993384811E-003
   26.1000004       1.4654208236325984E-003
   26.2000008       1.2002722440993153E-003
   26.2999992       1.3027351174760800E-003
   26.3999996       1.4048144675206354E-003
   26.5000000       1.0434726812253595E-003
   26.6000004       1.0545320226079409E-003
   26.7000008       1.1825046464887061E-003
   26.7999992       1.2775779367381096E-003
   26.8999996       1.1457430118383893E-003
   27.0000000       1.2793073220682450E-003
   27.1000004       1.1092690190915532E-003
   27.2000008       1.1522935024006751E-003
   27.2999992       1.2337179567858943E-003
   27.3999996       1.1096046096320260E-003
   27.5000000       1.0627732933844510E-003
   27.6000004       1.1311470227590693E-003
   27.7000008       1.0334199697062203E-003
   27.7999992       1.1780194811786466E-003
   27.8999996       1.0678535806869097E-003
   28.0000000       9.0098021307415306E-004
   28.1000004       1.0323851386611234E-003
   28.2000008       9.6733196205978892E-004
   28.2999992       9.4669058343019113E-004
   28.3999996       9.7652620014573258E-004
   28.5000000       1.0251275609020345E-003
   28.6000004       1.0358931574982991E-003
   28.7000008       1.0528916792313929E-003
   28.7999992       8.6963143590787614E-004
   28.8999996       1.0305118926733033E-003
   29.0000000       8.9157175322734721E-004
   29.1000004       9.7717806105486775E-004
   29.2000008       9.7550622188714788E-004
   29.2999992       1.0234655815367262E-003
   29.3999996       8.8549624881367978E-004
   29.5000000       8.8399666630303538E-004
   29.6000004       8.2696245041830204E-004
   29.7000008       8.9334219643211611E-004
   29.7999992       8.4263937050056085E-004
   29.8999996       9.0877552520184351E-004
   30.0000000       9.5630338205411245E-004
   30.1000004       8.4455663353320755E-004
   30.2000008       8.7981861072975451E-004
   30.2999992       7.8687131778918458E-004
   30.3999996       7.7948842605868806E-004
   30.5000000       9.3020605746255028E-004
   30.6000004       8.6191895709501461E-004
   30.7000008       8.6051637943157858E-004
   30.7999992       7.3206746662363739E-004
   30.8999996       8.3961040264627772E-004
   31.0000000       8.0207351419220524E-004
   31.1000004       7.7068038611507561E-004
   31.2000008       9.1371745559253026E-004
   31.2999992       7.1420274575836407E-004
   31.3999996       6.9508995907872310E-004
   31.5000000       7.6577932276556348E-004
   31.6000004       7.4067585590877343E-004
   31.7000008       8.7071163329283867E-004
   31.7999992       7.9789073249293663E-004
   31.8999996       7.1340990397809293E-004
   32.0000000       6.3513068354987374E-004
   32.0999985       8.3564523084773241E-004
   32.2000008       7.9292713537915062E-004
   32.2999992       7.0307744233947676E-004
   32.4000015       8.2587442252124660E-004
   32.5000000       7.3036428622252664E-004
   32.5999985       7.5276898490138659E-004
   32.7000008       7.6336287932357442E-004
   32.7999992       7.0356932120184607E-004
   32.9000015       6.6737583928725937E-004
   33.0000000       7.0143731488377917E-004
   33.0999985       7.9376233171852217E-004
   33.2000008       7.0515225648620078E-004
   33.2999992       7.2737010409514578E-004
   33.4000015       7.4952304967125689E-004
   33.5000000       7.6000835083424312E-004
   33.5999985       6.8936264429258988E-004
   33.7000008       6.1892815103090559E-004
   33.7999992       5.6025500785886727E-004
   33.9000015       7.4398323713457883E-004
   34.0000000       6.1619558489796724E-004
   34.0999985       5.1178552595635774E-004
   34.2000008       6.1439383064987394E-004
   34.2999992       6.9950338515777555E-004
   34.4000015       5.7253061518930935E-004
   34.5000000       5.5455042392882565E-004
   34.5999985       6.5650730937371509E-004
   34.7000008       6.6126253325022113E-004
   34.7999992       6.4323611504923939E-004
   34.9000015       7.2757828992881706E-004
   35.0000000       5.6193300582049819E-004
   35.0999985       7.0283331697408536E-004
   35.2000008       6.7919586244444578E-004
   35.2999992       5.8215127278600347E-004
   35.4000015       6.4341333659298614E-004
   35.5000000       5.5233127083824070E-004
   35.5999985       5.4029978687542143E-004
   35.7000008       6.7442952152440704E-004
   35.7999992       5.3879059098790752E-004
   35.9000015       5.8848200548097893E-004
   36.0000000       5.4848756556771718E-004
   36.0999985       6.2597533139865773E-004
   36.2000008       6.5301807247616732E-004
   36.2999992       5.8523519049105579E-004
   36.4000015       5.3433768826467731E-004
   36.5000000       4.6134704966883770E-004
   36.5999985       6.1058906472791154E-004
   36.7000008       5.1552250689381948E-004
   36.7999992       5.7571554503798889E-004
   36.9000015       5.3623830782439724E-004
   37.0000000       5.9072181738095198E-004
   37.0999985       6.1197956061573256E-004
   37.2000008       5.1755685559634005E-004
   37.2999992       5.4985483506214705E-004
   37.4000015       5.3813782350612240E-004
   37.5000000       5.0451747777997314E-004
   37.5999985       5.2027679199405418E-004
   37.7000008       5.1958721452540597E-004
   37.7999992       4.5335511061111674E-004
   37.9000015       4.6366721277056697E-004
   38.0000000       4.9029620889930875E-004
   38.0999985       4.0804429364904441E-004
   38.2000008       4.8901268534021192E-004
   38.2999992       4.5039001851864013E-004
   38.4000015       5.6360974507232184E-004
   38.5000000       5.3040452704257435E-004
   38.5999985       4.5404391073567590E-004
   38.7000008       4.1027124373468730E-004
   38.7999992       5.3374401478078321E-004
   38.9000015       4.1998542025425853E-004
   39.0000000       5.7539567042843437E-004
   39.0999985       5.3169508810991357E-004
   39.2000008       4.0764966612634625E-004
   39.2999992       4.5534429680234734E-004
   39.4000015       4.2266563464017978E-004
   39.5000000       3.7938351615345495E-004
   39.5999985       4.9097519366013030E-004
   39.7000008       5.3832699406331603E-004
   39.7999992       4.5247867390528187E-004
   39.9000015       4.6254520906033331E-004
   40.0000000       4.3541755318607974E-004
   40.0999985       4.3487496873172794E-004
   40.2000008       4.5022470405811535E-004
   40.2999992       4.3908609188588284E-004
   40.4000015       5.0723043109689538E-004
   40.5000000       4.2744766210563807E-004
   40.5999985       4.1638028290928627E-004
   40.7000008       4.0534074970706576E-004
   40.7999992       3.9958659713886793E-004
   40.9000015       4.0434969844935193E-004
   41.0000000       4.1434667896855765E-004
   41.0999985       4.2955843795190225E-004
   41.2000008       4.9182342049208176E-004
   41.2999992       4.4419586473175954E-004
   41.4000015       3.4970824214759690E-004
   41.5000000       3.8056660930606533E-004
   41.5999985       3.3324664774051003E-004
   41.7000008       4.4206286646465622E-004
   41.7999992       3.8958916248104481E-004
   41.9000015       4.2025450440099450E-004
   42.0000000       3.5238648981264454E-004
   42.0999985       3.8302423706006292E-004
   42.2000008       3.0502258459594582E-004
   42.2999992       3.4597239657055694E-004
   42.4000015       4.0229912714353176E-004
   42.5000000       4.6879714537417371E-004
   42.5999985       3.7562689124936234E-004
   42.7000008       3.5462911429102279E-004
   42.7999992       4.0555058563258482E-004
   42.9000015       4.2046088463771063E-004
   43.0000000       3.9948582731541777E-004
   43.0999985       3.8367560422479329E-004
   43.2000008       3.2702447617620213E-004
   43.2999992       3.4195865243695235E-004
   43.4000015       2.9568305815597351E-004
   43.5000000       3.2589616300667201E-004
   43.5999985       4.0181698996880408E-004
   43.7000008       3.7087466044555386E-004
   43.7999992       3.0448072911296595E-004
   43.9000015       3.7509873907193135E-004
   44.0000000       3.8479904684264035E-004
   44.0999985       3.3884631550259146E-004
   44.2000008       3.2835986733153517E-004
   44.2999992       3.2798947310335195E-004
   44.4000015       2.5705593702316030E-004
   44.5000000       3.2725240157369616E-004
   44.5999985       3.4700178184480070E-004
   44.7000008       4.0689451257084236E-004
   44.7999992       3.6629835938991294E-004
   44.9000015       3.8593947642746147E-004
   45.0000000       3.2543127891112179E-004
   45.0999985       2.9506416303277195E-004
   45.2000008       3.1472019256653807E-004
   45.2999992       2.7944268426518664E-004
   45.4000015       3.0904241246698948E-004
   45.5000000       2.5891218901012285E-004
   45.5999985       3.5312730791380281E-004
   45.7000008       3.2790023988733201E-004
   45.7999992       2.5806376298766805E-004
   45.9000015       2.6274014830035520E-004
   46.0000000       3.1692645896447443E-004
   46.0999985       2.6217021325460727E-004
   46.2000008       2.6682788819909546E-004
   46.2999992       3.3070690935850771E-004
   46.4000015       3.0569768800596520E-004
   46.5000000       3.0044387077219356E-004
   46.5999985       3.2964183383128124E-004
   46.7000008       2.8014146409382747E-004
   46.7999992       2.8475183596875220E-004
   46.9000015       3.3349126417734943E-004
   47.0000000       2.9394412589907613E-004
   47.0999985       3.5235869384187392E-004
   47.2000008       2.7376659382038576E-004
   47.2999992       2.7836088604968296E-004
   47.4000015       3.3172952891013803E-004
   47.5000000       2.9726782960800706E-004
   47.5999985       3.3103263325141564E-004
   47.7000008       3.3554883371047470E-004
   47.7999992       2.3803918546741262E-004
   47.9000015       2.9117245063344768E-004
   48.0000000       2.9571712335984147E-004
   48.0999985       2.9540988779870375E-004
   48.2000008       3.3380572743305792E-004
   48.2999992       2.6096896747475584E-004
   48.4000015       2.3656065436928716E-004
   48.5000000       2.9901323803014544E-004
   48.5999985       2.7461659770912296E-004
   48.7000008       2.9839924520854165E-004
   48.7999992       2.8847774644728667E-004
   48.9000015       2.6416768531739235E-004
   49.0000000       2.7829270813541025E-004
   49.0999985       2.7800944708716619E-004
   49.2000008       2.1547790913742181E-004
   49.2999992       2.9657973156411934E-004
   49.4000015       2.6282874757729065E-004
   49.5000000       2.3392013104524674E-004
   49.5999985       2.7660607150881258E-004
   49.7000008       2.6679938240754993E-004
   49.7999992       2.3321520358924753E-004
   49.9000015       2.5200052946161485E-004
   50.0000000       3.2774825105772587E-004
   50.0999985       2.9420467032318520E-004
   50.2000008       2.0384203708586089E-004
   50.2999992       2.8414817108609117E-004
   50.4000015       2.6021086795819824E-004
   50.5000000       3.0249119392869868E-004
   50.5999985       2.3608784029889780E-004
   50.7000008       2.5000644070330706E-004
   50.7999992       2.9217264903524801E-004
   50.9000015       2.2597608154693920E-004
   51.0000000       2.6808364082935536E-004
   51.0999985       1.9734213395444000E-004
   51.2000008       2.8633618118323036E-004
   51.2999992       2.9543618256209841E-004
   51.4000015       1.9208104849819050E-004
   51.5000000       2.1997679020032375E-004
   51.5999985       2.5249451347502289E-004
   51.7000008       2.5692173132648918E-004
   51.7999992       2.1467269712780623E-004
   51.9000015       2.7041361512870698E-004
   52.0000000       2.3754896889196337E-004
   52.0999985       2.4662781690094833E-004
   52.2000008       3.0217850057740148E-004
   52.2999992       2.6473407654173674E-004
   52.4000015       1.4848089672255373E-004
   52.5000000       2.1787371543743631E-004
   52.5999985       2.5471636153381476E-004
   52.7000008       1.7119214738321682E-004
   52.7999992       2.3112176390036360E-004
   52.9000015       2.4475761892365003E-004
   53.0000000       2.5836797041419167E-004
   53.0999985       2.0281233969786591E-004
   53.2000008       2.3025206676737049E-004
   53.2999992       2.6684197149136129E-004
   53.4000015       2.1143521161819150E-004
   53.5000000       1.8827707921672534E-004
   53.5999985       2.3856780057604320E-004
   53.7000008       1.6959218643258764E-004
   53.7999992       2.6102093801415630E-004
   53.9000015       2.2417835955085297E-004
   54.0000000       2.5139589420493738E-004
   54.0999985       2.3746382372506912E-004
   54.2000008       2.2355765797386218E-004
   54.2999992       2.3246830009244354E-004
   54.4000015       2.5957881455992461E-004
   54.5000000       2.2294208249787315E-004
   54.5999985       1.5455290633848529E-004
   54.7000008       2.0436841959438240E-004
   54.7999992       2.0418204723890549E-004
   54.9000015       1.6319693757002192E-004
   55.0000000       2.0833993407902998E-004
   55.0999985       1.7195078673492111E-004
   55.2000008       1.8987880430709726E-004
   55.2999992       1.9874088500359375E-004
   55.4000015       1.9404883155303080E-004
   55.5000000       1.4878709500635933E-004
   55.5999985       2.2973699394446094E-004
   55.7000008       2.3853206753402483E-004
   55.7999992       2.5630472553342094E-004
   55.9000015       2.1564258562875664E-004
   56.0000000       1.4363342403954217E-004
   56.0999985       1.8386637409348758E-004
   56.2000008       2.1954732925154525E-004
   56.2999992       2.2830559371088882E-004
   56.4000015       2.2810329071707287E-004
   56.5000000       2.2343286210080258E-004
   56.5999985       2.0537672107937428E-004
   56.7000008       1.5166638558895110E-004
   56.7999992       1.8718774532313899E-004
   56.9000015       1.7366450819191509E-004
   57.0000000       2.0465546923822641E-004
   57.0999985       1.9558605865371422E-004
   57.2000008       1.6876764832430611E-004
   57.2999992       1.1093450608606618E-004
   57.4000015       2.0837527094138525E-004
   57.5000000       1.6389752749193843E-004
   57.5999985       1.5047786081205994E-004
   57.7000008       1.4592553666775969E-004
   57.7999992       2.4741708127042799E-004
   57.9000015       1.9864568580351826E-004
   58.0000000       1.6319016024539184E-004
   58.0999985       1.7627003000539001E-004
   58.2000008       1.7171569162347262E-004
   58.2999992       2.1116121326184890E-004
   58.4000015       1.3186281569156877E-004
   58.5000000       1.8005854728617173E-004
   58.5999985       1.6235327199667189E-004
   58.7000008       1.4906247060846001E-004
   58.7999992       1.6645763114589893E-004
   58.9000015       1.7069313151965525E-004
   59.0000000       1.3556422467404379E-004
   59.0999985       1.8351233480130917E-004
   59.2000008       1.2223827277197416E-004
   59.2999992       1.1341130023596157E-004
   59.4000015       2.0919854422034404E-004
   59.5000000       1.6112175598853026E-004
   59.5999985       1.3923168649634460E-004
   59.7000008       1.5215716915912688E-004
   59.7999992       1.2596772003538618E-004
   59.9000015       1.6058333067438789E-004
   60.0000000       1.9080489111777927E-004
   60.0999985       1.3431892431249999E-004
   60.2000008       1.9481721474595779E-004
   60.2999992       1.5572459662495741E-004
   60.4000015       1.8152835263391827E-004
   60.5000000       1.7274133553944884E-004
   60.5999985       1.6396891373645546E-004
   60.7000008       9.0539793534962520E-005
   60.7999992       1.5077560903994217E-004
   60.9000015       1.8078224061848742E-004
   61.0000000       1.5482925103359920E-004
   61.0999985       1.0313506534321835E-004
   61.2000008       1.6316382539105991E-004
   61.2999992       1.5445023227842421E-004
   61.4000015       1.7147167568757894E-004
   61.5000000       1.4991578346855051E-004
   61.5999985       1.5835381444711180E-004
   61.7000008       1.6250190936408402E-004
   61.7999992       1.5382466825343330E-004
   61.9000015       1.3662263366850431E-004
   62.0000000       1.4077852202030390E-004
   62.0999985       1.7050328798199639E-004
   62.2000008       1.5758881610585529E-004
   62.2999992       1.5320664914821269E-004
   62.4000015       1.4032694335255232E-004
   62.5000000       1.3171686090841095E-004
   62.5999985       1.1887508151179578E-004
   62.7000008       9.3327398458631618E-005
   62.7999992       1.6955113062579768E-004
   62.9000015       1.1435607609377447E-004
   63.0000000       1.4812175263433688E-004
   63.0999985       1.3108963147598685E-004
   63.2000008       1.6056344631951416E-004
   63.2999992       1.5199262900449865E-004
   63.4000015       1.2234198496841633E-004
   63.5000000       9.6953482823710285E-005
   63.5999985       1.7269429551331026E-004
   63.7000008       1.0942752926784378E-004
   63.7999992       1.0093090094025313E-004
   63.9000015       7.9841129344289643E-005
   64.0000000       1.5535867443422169E-004
   64.0999985       1.6782435411215327E-004
   64.1999969       1.2157793853187866E-004
   64.3000031       1.7175244951428165E-004
   64.4000015       1.4650415880985157E-004
   64.5000000       1.6730356444991340E-004
   64.5999985       9.6125121579409320E-005
   64.6999969       1.4198823609940040E-004
   64.8000031       1.1684129870637183E-004
   64.9000015       1.3343007652479670E-004
   65.0000000       1.4166044467182404E-004
   65.0999985       1.1657197520421600E-004
   65.1999969       1.4144317405116172E-004
   65.3000031       1.3717800430688586E-004
   65.4000015       1.0799704258647759E-004
   65.5000000       1.6187195268349682E-004
   65.5999985       1.1612721807623110E-004
   65.6999969       1.2847160015666822E-004
   65.8000031       1.3251511696262691E-004
   65.9000015       7.4483223329357474E-005
   66.0000000       9.9235751973036541E-005
   66.0999985       1.2395088934988164E-004
   66.1999969       1.1972874030760163E-004
   66.3000031       1.1551301524001235E-004
   66.4000015       9.4814268698126768E-005
   66.5000000       1.0710078040494484E-004
   66.5999985       1.1113657922774474E-004
   66.6999969       1.2339254920800693E-004
   66.8000031       7.8090149003011419E-005
   66.9000015       9.8566493433501962E-005
   67.0000000       1.0670070078493416E-004
   67.0999985       1.2302449260324593E-004
   67.1999969       9.4248622354002029E-005
   67.3000031       1.2693642377934700E-004
   67.4000015       1.1865892074642710E-004
   67.5000000       1.0630507925758710E-004
   67.5999985       1.2256901159167700E-004
   67.6999969       1.1839590394594233E-004
   67.8000031       8.1592156946671358E-005
   67.9000015       7.7455497073049886E-005
   68.0000000       1.0184020501741118E-004
   68.0999985       1.2211855550642707E-004
   68.1999969       1.0169088914985526E-004
   68.3000031       1.2600442463555210E-004
   68.4000015       1.1372727460406298E-004
   68.5000000       1.2582046180230078E-004
   68.5999985       9.7338418227459753E-005
   68.6999969       1.2563732435586202E-004
   68.8000031       1.1744630409276307E-004
   68.9000015       1.0926723944161467E-004
   69.0000000       8.8968069273846119E-005
   69.0999985       1.2123234195263047E-004
   69.1999969       1.1306846666379805E-004
   69.3000031       5.2458211563931784E-005
   69.4000015       7.2582130926001354E-005
   69.5000000       8.8647694482892913E-005
   69.5999985       9.6637132280666038E-005
   69.6999969       1.2070979066400959E-004
   69.8000031       7.2374015368851613E-005
   69.9000015       1.0446549177702458E-004
   70.0000000       6.8255584238161555E-005
   70.0999985       1.0832863274116365E-004
   70.1999969       1.4834466090262531E-004
   70.3000031       1.2019393867601484E-004
   70.4000015       1.0009049888957899E-004
   70.5000000       8.0015631931188528E-005
   70.5999985       5.9969236104253418E-005
   70.6999969       9.5882947763573461E-005
   70.8000031       9.1822954641794627E-005
   70.9000015       5.9842315713727907E-005
   71.0000000       9.9666981851020901E-005
   71.0999985       1.1154854443023167E-004
   71.1999969       9.9527002159303577E-005
   71.3000031       1.1139210056412077E-004
   71.4000015       7.1559076130330498E-005
   71.5000000       1.1520903339084602E-004
   71.5999985       8.7338944454484315E-005
   71.6999969       9.5212425787284915E-005
   71.8000031       7.1359611862510696E-005
   71.9000015       9.1118340499254623E-005
   72.0000000       1.1084966713245455E-004
   72.0999985       7.5167267640782590E-005
   72.1999969       7.9068665996955063E-005
   72.3000031       1.0666890484682758E-004
   72.4000015       7.1063514850064485E-005
   72.5000000       5.5233514035815708E-005
   72.5999985       1.0250590777685162E-004
   72.6999969       9.4555783816076231E-005
   72.8000031       7.8742384422314794E-005
   72.9000015       6.6885140428835533E-005
   73.0000000       9.4361420254227793E-005
   73.0999985       7.8580750808614536E-005
   73.1999969       7.0674383892413241E-005
   73.3000031       7.4549866610283352E-005
   73.4000015       8.6262122101971785E-005
   73.5000000       6.6611760502841775E-005
   73.5999985       7.8313559131776151E-005
   73.6999969       6.2608358555965986E-005
   73.8000031       8.2117816161619055E-005
   73.9000015       6.6431364227537821E-005
   74.0000000       6.2481403574888962E-005
   74.0999985       7.0244169550211002E-005
   74.1999969       7.0196847295203349E-005
   74.3000031       7.7944030611918163E-005
   74.4000015       9.7364586504937456E-005
   74.5000000       5.8379552919280583E-005
   74.5999985       7.0008526443655065E-005
   74.6999969       8.1621963623685034E-005
   74.8000031       6.9914933240250928E-005
   74.9000015       7.3749847519380510E-005
   75.0000000       9.6974601290339754E-005
   75.0999985       8.9157253651622249E-005
   75.1999969       8.1350340783273086E-005
   75.3000031       5.4197560125715812E-005
   75.4000015       3.4818195358558389E-005
   75.5000000       6.5724153886969786E-005
   75.5999985       5.7953564359026944E-005
   75.6999969       9.2664476670588274E-005
   75.8000031       5.7877107330768678E-005
   75.9000015       7.7118656525165371E-005
   76.0000000       6.5507746630260366E-005
   76.0999985       6.5464720501334629E-005
   76.1999969       5.7725099501719642E-005
   76.3000031       3.4612371110426508E-005
   76.4000015       6.1492848563318367E-005
   76.5000000       5.7611874058409263E-005
   76.5999985       4.2221140974800031E-005
   76.6999969       9.2058816079338877E-005
   76.8000031       6.1332604913016665E-005
   76.9000015       5.3631145497977682E-005
   77.0000000       7.2737876849004746E-005
   77.0999985       5.3561583555439259E-005
   77.1999969       6.8820306501422951E-005
   77.3000031       4.2029660071022641E-005
   77.4000015       5.7276162981444162E-005
   77.5000000       3.8159479668096711E-005
   77.5999985       6.1015838306834422E-005
   77.6999969       6.0976586160347210E-005
   77.8000031       9.9023292598818550E-005
   77.9000015       6.0898312117180000E-005
   78.0000000       4.9448172981780347E-005
   78.0999985       9.8833047935614971E-005
   78.1999969       4.9384936738147872E-005
   78.3000031       6.0742659856689257E-005
   78.4000015       6.8291926608971275E-005
   78.5000000       6.4456865447139688E-005
   78.5999985       5.3048366203736630E-005
   78.6999969       5.6801436023190671E-005
   78.8000031       6.8118488448526960E-005
   78.9000015       9.0767116944173766E-005
   79.0000000       6.0473123105918751E-005
   79.0999985       6.0434909251550121E-005
   79.1999969       6.4171567639492952E-005
   79.3000031       4.1496604413786121E-005
   79.4000015       3.7700436812164098E-005
   79.5000000       4.8979753928616951E-005
   79.5999985       6.4010230306453615E-005
   79.6999969       4.5155353506986010E-005
   79.8000031       5.2648248125787388E-005
   79.9000015       4.8857077519563139E-005
   80.0000000       4.5070661459825912E-005
   80.0999985       4.5042536517699808E-005
   80.1999969       4.1263255945166368E-005
   80.3000031       5.6233055566310303E-005
   80.4000015       6.3691175847050175E-005
   80.5000000       4.8674771988944974E-005
   80.5999985       4.4902694174932121E-005
   80.6999969       5.2354030377649947E-005
   80.8000031       5.9796161180360177E-005
   80.9000015       7.0964068876664334E-005
   81.0000000       4.1059109810883091E-005
   81.0999985       6.7146223077591512E-005
   81.1999969       2.2368297111438476E-005
   81.3000031       3.7257573175634836E-005
   81.4000015       2.6064286551794052E-005
   81.5000000       4.8375413893534270E-005
   81.5999985       5.9502499691469071E-005
   81.6999969       5.2032835907987867E-005
   81.8000031       5.2001039977745146E-005
   81.9000015       7.0529770776291020E-005
   82.0000000       4.8227794367014676E-005
   82.0999985       5.5613576860459720E-005
   82.1999969       5.9285074603295749E-005
   82.3000031       4.8139868813882641E-005
   82.4000015       4.0709024386146293E-005
   82.5000000       5.5478673636350978E-005
   82.5999985       6.2837779397275595E-005
   82.6999969       4.0635165375623704E-005
   82.8000031       1.8459378905835897E-005
   82.9000015       5.5344747833866268E-005
   83.0000000       4.4249133242103937E-005
   83.0999985       2.9481679210492663E-005
   83.1999969       3.3146962682939066E-005
   83.3000031       2.5765499327789421E-005
   83.4000015       2.5750059679583316E-005
   83.5000000       2.5734643894329746E-005
   83.5999985       3.6741796118771743E-005
   83.6999969       2.2031911796471072E-005
   83.8000031       4.7707336757309080E-005
   83.9000015       4.7678913454590505E-005
   84.0000000       2.9323408535605739E-005
   84.0999985       6.5938455473567192E-005
   84.1999969       4.7593950238828253E-005
   84.3000031       4.3906828607384905E-005
   84.4000015       2.9253883069057622E-005
   84.5000000       5.1164009200253373E-005
   84.5999985       3.2871715742265516E-005
   84.6999969       5.1103602468114373E-005
   84.8000031       3.6481058315976910E-005
   84.9000015       5.1043412147087027E-005
   85.0000000       4.7369580016272397E-005
   85.0999985       5.8266779363456584E-005
   85.1999969       2.9116297706178364E-005
   85.3000031       3.6374043481862026E-005
   85.4000015       3.6352754816392658E-005
   85.5000000       2.9065198838168600E-005
   85.5999985       2.9048228664719769E-005
   85.6999969       4.3546926414014295E-005
   85.8000031       3.9894760935162917E-005
   85.9000015       3.6246863160086190E-005
   86.0000000       3.9848373204393396E-005
   86.0999985       2.5343334690771182E-005
   86.1999969       5.7894031064585798E-005
   86.3000031       5.4244215682797358E-005
   86.4000015       1.4456756235823698E-005
   86.5000000       5.4181503479058326E-005
   86.5999985       3.6100152974031713E-005
   86.6999969       3.6079342460555686E-005
   86.8000031       2.8846850645054109E-005
   86.9000015       3.2434040534291562E-005
   87.0000000       1.4406846886249490E-005
   87.0999985       3.9596091069050113E-005
   87.1999969       5.0366139659359895E-005
   87.3000031       3.2359694673127798E-005
   87.4000015       3.9528118444382372E-005
   87.5000000       3.5914120787134474E-005
   87.5999985       3.9482993192098286E-005
   87.6999969       4.6635121305088807E-005
   87.8000031       2.5096923738819731E-005
   87.9000015       2.5082652232457186E-005
   88.0000000       2.5068404591354829E-005
   88.0999985       5.0108361523684892E-005
   88.1999969       2.8617123694196610E-005
   88.3000031       2.5025806862861984E-005
   88.4000015       5.3596407173862335E-005
   88.5000000       3.5710757274632597E-005
   88.5999985       5.7104976099090824E-005
   88.6999969       3.2103446762308064E-005
   88.8000031       3.9215461811279691E-005
   88.9000015       3.5630373046878906E-005
   89.0000000       3.5610359594321232E-005
   89.0999985       5.3385574486825222E-005
   89.1999969       2.4899307692444867E-005
   89.3000031       5.3325793843100794E-005
   89.4000015       4.9742912690651177E-005
   89.5000000       2.1306484540032848E-005
   89.5999985       2.4843697263032928E-005
   89.6999969       4.9659704386492812E-005
   89.8000031       4.6086917561616360E-005
   89.9000015       2.8345409412364119E-005
   90.0000000       3.1870876167368738E-005
   90.0999985       2.8313949158838726E-005
   90.1999969       3.5372824261795685E-005
   90.3000031       2.8282595551759788E-005
   90.4000015       3.8867066601963242E-005
   90.5000000       4.2377013677946773E-005
   90.5999985       3.1765225421959621E-005
   90.6999969       2.8220195073618650E-005
   90.8000031       2.8204659824507880E-005
   90.9000015       2.8189150127048506E-005
   91.0000000       2.8173665925160222E-005
   91.0999985       3.8717534849031162E-005
   91.1999969       3.1660620507697746E-005
   91.3000031       2.4611445017819194E-005
   91.4000015       2.4597985087912814E-005
   91.5000000       3.1608703573055068E-005
   91.5999985       3.8611777877123737E-005
   91.6999969       3.1574233926590019E-005
   91.8000031       3.8569717280139855E-005
   91.9000015       1.7522153899241024E-005
   92.0000000       4.2030316739769845E-005
   92.0999985       3.5006254698570763E-005
   92.1999969       3.8486004141025498E-005
   92.3000031       3.8465162188426370E-005
   92.4000015       2.7959530353960907E-005
   92.5000000       2.7944421972452012E-005
   92.5999985       1.3964667722302055E-005
   92.6999969       2.7914276254477272E-005
   92.8000031       3.4874051973457329E-005
   92.9000015       2.7884228606243066E-005
   93.0000000       3.1352895054307798E-005
   93.0999985       3.4817848255636165E-005
   93.1999969       2.4359421375462661E-005
   93.3000031       1.7390264426319997E-005
   93.4000015       4.8666680394832887E-005
   93.5000000       2.7794664378992571E-005
   93.5999985       1.7362388252885371E-005
   93.6999969       1.3882501039656711E-005
   93.8000031       2.7750204219685494E-005
   93.9000015       5.8937795211700452E-005
   94.0000000       3.8115939167154985E-005
   94.0999985       2.4242712261164398E-005
   94.1999969       3.1152661320964681E-005
   94.3000031       3.4595719865833030E-005
   94.4000015       3.1119661096448585E-005
   94.5000000       3.1103200915682641E-005
   94.5999985       3.4540849147710884E-005
   94.6999969       2.7618095190660061E-005
   94.8000031       3.4504414819514927E-005
   94.9000015       4.4832111954094535E-005
   95.0000000       3.1021284925391217E-005
   95.0999985       2.4114984563580224E-005
   95.1999969       1.3772756264812651E-005
   95.3000031       2.0648297448563565E-005
   95.4000015       2.0637477906718406E-005
   95.5000000       2.7502234313112616E-005
   95.5999985       6.8719636320567713E-006
   95.6999969       1.7170936128409812E-005
   95.8000031       2.0594371065971389E-005
   95.9000015       3.4306060009449544E-005
   96.0000000       2.4001737826335110E-005
   96.0999985       4.7978507321070306E-005
   96.1999969       4.1103067657848497E-005
   96.3000031       2.3964342875645888E-005
   96.4000015       3.4217023110683168E-005
   96.5000000       2.3939509330789573E-005
   96.5999985       1.7090801638511046E-005
   96.6999969       1.7081966219024062E-005
   96.8000031       1.0243886936137409E-005
   96.9000015       2.7302940212180207E-005
   97.0000000       3.0699979932144651E-005
   97.0999985       2.3865468952140225E-005
   97.1999969       2.0445595977136963E-005
   97.3000031       3.0652638675617069E-005
   97.4000015       2.3828706567860650E-005
   97.5000000       1.7011777923940153E-005
   97.5999985       2.3804291032980584E-005
   97.6999969       3.7387605114907298E-005
   97.8000031       4.0765629770099886E-005
   97.9000015       2.7163212160569963E-005
   98.0000000       2.7149354581468991E-005
   98.0999985       2.0351641187095330E-005
   98.1999969       1.6951067432560618E-005
   98.3000031       2.3719426568901025E-005
   98.4000015       3.0480914359627309E-005
   98.5000000       2.0310296476145985E-005
   98.5999985       2.0299999689563000E-005
   98.6999969       3.0434578769472236E-005
   98.8000031       3.3799091521350041E-005
   98.9000015       2.0269204912301871E-005
   99.0000000       2.7011958867478991E-005
   99.0999985       3.0373127218427038E-005
   99.1999969       3.3730913305796968E-005
   99.3000031       3.7085324167672877E-005
   99.4000015       2.0218187279009604E-005
   99.5000000       3.7048051473334020E-005
   99.5999985       2.0197886796549269E-005
   99.6999969       5.0469398864107162E-005
   99.8000031       3.6992355074563008E-005
   99.9000015       2.0167552794485681E-005
   100.000000       2.6876628409650520E-005
   100.099998       2.6863207538736034E-005
   100.199997       3.3562256474231957E-005
   100.300003       3.3545529813880036E-005
   100.400002       1.0058648816626254E-005
   100.500000       3.0160936762362439E-005
   100.599998       1.6747748739175557E-005
   100.699997       2.6783097813877075E-005
   100.800003       2.3423588935033600E-005
   100.900002       2.0067416117422149E-005
   101.000000       2.6743309389798457E-005
   101.099998       2.3388826302075557E-005
   101.199997       1.6698053549566167E-005
   101.300003       1.6689812324656799E-005
   101.400002       1.6681585548427289E-005
   101.500000       2.3342718048089024E-005
   101.599998       2.6664265217806231E-005
   101.699997       2.9982556542874705E-005
   101.800003       2.6638072915451510E-005
   101.900002       1.3312503683864179E-005
   102.000000       1.6632473214311601E-005
   102.099998       2.3274061330112712E-005
   102.199997       1.9939438201041513E-005
   102.300003       3.3216160253809811E-006
   102.400002       3.3199945620309510E-006
   102.500000       9.9551259179108828E-006
   102.599998       3.3167585652574996E-005
   102.699997       2.3206010343942260E-005
   102.800003       1.6567661490603954E-005
   102.900002       2.6495379607724110E-005
   103.000000       2.3172205701925600E-005
   103.099998       1.3234840964232502E-005
   103.199997       1.3228430231800828E-005
   103.300003       2.6444056375108584E-005
   103.400002       1.9823455940366181E-005
   103.500000       2.3116194172171350E-005
   103.599998       2.6405760411622482E-005
   103.699997       6.5982576088910409E-006
   103.800003       1.6487700083653741E-005
   103.900002       9.8878610502590174E-006
   104.000000       3.2943694916365228E-005
   104.099998       1.9756724624439501E-005
   104.199997       1.3164831296698771E-005
   104.300003       1.6448151699936761E-005
   104.400002       9.8641658631670314E-006
   104.500000       6.5729647120771515E-006
   104.599998       2.2994382930742231E-005
   104.699997       2.9550091055599672E-005
   104.800003       1.9690664807450836E-005
   104.900002       9.8406407669527106E-006
   105.000000       3.2786518099702430E-005
   105.099998       3.2770924317753162E-005
   105.199997       2.9479819047037790E-005
   105.300003       1.9643881503250055E-005
   105.400002       9.8172832294491994E-006
   105.500000       3.2708770110679416E-005
   105.599998       1.9615971948082996E-005
   105.699997       3.2677826793181573E-006
   105.800003       1.6331193837807831E-005
   105.900002       1.3058787675830028E-005
   106.000000       1.9578942778373203E-005
   106.099998       9.7848590940451851E-006
   106.199997       1.6300423096026248E-005
   106.300003       2.2809861111532186E-005
   106.400002       2.2799144191235727E-005
   106.500000       2.2788443652872726E-005
   106.599998       9.7618960118793893E-006
   106.699997       2.6019526045511204E-005
   106.800003       2.9258266516460089E-005
   106.900002       6.4987965430679475E-006
   107.000000       1.6239400305629276E-005
   107.099998       1.2985456664099542E-005
   107.199997       1.6224252908671618E-005
   107.300003       4.5406741893868508E-005
   107.400002       1.6209145673200479E-005
   107.500000       2.2682250941694498E-005
   107.599998       1.9432897716969060E-005
   107.699997       1.6186565009809288E-005
   107.800003       1.9414872024280802E-005
   107.900002       9.7029380827545401E-006
   108.000000       1.2931262652057202E-005
   108.099998       1.6156604529685604E-005
   108.199997       1.9378966959198801E-005
   108.300003       6.4566746187970432E-006
   108.400002       3.8722181554035612E-005
   108.500000       1.6126807896797260E-005
   108.599998       9.6716308511989410E-006
   108.699997       1.9334367429738824E-005
   108.800003       1.6104569249354584E-005
   108.900002       9.6583061122505071E-006
   109.000000       6.4359176721607798E-006
   109.099998       3.2164845359879402E-006
   109.199997       1.2860048691407116E-005
   109.300003       9.6406252296224909E-006
   109.400002       2.2484514754825069E-005
   109.500000       1.6053034815581465E-005
   109.599998       2.2463998236743491E-005
   109.699997       9.6230404997043736E-006
   109.800003       1.6031099676953377E-005
   109.900002       1.2819046464140468E-005
   110.000000       3.5236357256083148E-005
   110.099998       1.9211104195116083E-005
   110.199997       1.6001991927955191E-005
   110.300003       1.5994739848643236E-005
   110.400002       9.5924983446904877E-006
   110.500000       2.2372369724145473E-005
   110.599998       1.5973041822599614E-005
   110.699997       1.9158994770530660E-005
   110.800003       2.8725525954952453E-005
   110.900002       1.2761146332364659E-005
   111.000000       2.2321947513417639E-005
   111.099998       2.5499318922207749E-005
   111.199997       2.2301875683618878E-005
   111.300003       1.9107307144866122E-005
   111.400002       1.5915611443743648E-005
   111.500000       1.5908474778473884E-005
   111.599998       2.2261888342558333E-005
   111.699997       1.2715386829199453E-005
   111.800003       1.9064551265168560E-005
   111.900002       9.5280175318893222E-006
   112.000000       3.1745883165912172E-006
   112.099998       1.5865863127589303E-005
   112.199997       1.2687035070091534E-005
   112.300003       1.2681388098561353E-005
   112.400002       6.3378742158232619E-006
   112.500000       2.5340232113128093E-005
   112.599998       1.5830613700701862E-005
   112.699997       3.7976619392750743E-005
   112.800003       1.2653263690869461E-005
   112.900002       2.5295322979631437E-005
   113.000000       1.5802581726510924E-005
   113.099998       2.2113835837270266E-005
   113.199997       9.4731736458819351E-006
   113.300003       2.2094318441077796E-005
   113.400002       1.8929639637787270E-005
   113.500000       1.2614201855275174E-005
   113.599998       2.8369464977886048E-005
   113.699997       0.0000000000000000     
   113.800003       1.8896356487177661E-005
   113.900002       1.2592042735843404E-005
   114.000000       2.8319671021657582E-005
   114.099998       2.8307264361265882E-005
   114.199997       1.2575499384762449E-005
   114.300003       1.2569999447771756E-005
   114.400002       6.2822532798052958E-006
   114.500000       1.8838531062158470E-005
   114.599998       2.1968700248615810E-005
   114.699997       2.8233160163183547E-005
   114.800003       1.8813911226787562E-005
   114.900002       2.1940013850514208E-005
   115.000000       9.3987757749029576E-006
   115.099998       9.3946936927295355E-006
   115.199997       2.5041644862120069E-005
   115.300003       2.8159637973383045E-005
   115.400002       1.2509972692805223E-005
   115.500000       3.1261396886860993E-005
   115.599998       1.5623938261328243E-005
   115.699997       6.2468752308756140E-006
   115.800003       3.1220892979065897E-006
   115.900002       6.2414853934598509E-006
   116.000000       1.5596989044863205E-005
   116.099998       1.8708327790238648E-005
   116.199997       9.3501403130605176E-006
   116.300003       1.5576868362041898E-005
   116.400002       1.5570179420405391E-005
   116.500000       1.2450798076643297E-005
   116.599998       1.8668190749550515E-005
   116.699997       2.7990289339090215E-005
   116.800003       9.3261034112910678E-006
   116.900002       1.5536859061241625E-005
   117.000000       1.2424176685502453E-005
   117.099998       3.1047182116194689E-006
   117.199997       6.2067878602542658E-006
   117.300003       0.0000000000000000     
   117.400002       1.2403002653665412E-005
   117.500000       1.2397725597732177E-005
   117.599998       3.0981138023690979E-006
   117.699997       2.1677586990989303E-005
   117.800003       1.5477419348304966E-005
   117.900002       3.0941715279358368E-006
   118.000000       2.4742884559654075E-005
   118.099998       9.2746546083240316E-006
   118.199997       3.0902438808855209E-006
   118.300003       1.2355752575069433E-005
   118.400002       1.2350536202946472E-005
   118.500000       6.1726626573959919E-006
   118.599998       9.2550915473279581E-006
   118.699997       9.2511940159795263E-006
   118.800003       9.2473013838057240E-006
   118.900002       3.0811378808608661E-005
   119.000000       1.2319373302034196E-005
   119.099998       6.1571013288570284E-006
   119.199997       2.1540817378352154E-005
   119.300003       3.0759702059434944E-006
   119.400002       9.2240472093373696E-006
   119.500000       1.8440377285692559E-005
   119.599998       1.5360558183774713E-005
   119.699997       1.2283314671358946E-005
   119.800003       6.1390946097027676E-006
   119.900002       1.2273070180443809E-005
   120.000000       9.2009673569845024E-006
   120.099998       1.2262850231840687E-005
   120.199997       9.1933127765191214E-006
   120.300003       9.1894926569369077E-006
   120.400002       1.8371354614377350E-005
   120.500000       1.2242488959129851E-005
   120.599998       1.8356121771008253E-005
   120.699997       1.8348519595536062E-005
   120.800003       1.5284105747110414E-005
   120.900002       2.7500015487431664E-005
   121.000000       6.1085894255515526E-006
   121.099998       6.1060679714175108E-006
   121.199997       3.0517748276153711E-006
   121.300003       1.2202067887240244E-005
   121.400002       1.2197043776414902E-005
   121.500000       1.5240031069741511E-005
   121.599998       1.5233766531483186E-005
   121.699997       9.1365050744423021E-006
   121.800003       6.0885037871965825E-006
   121.900002       1.2172013535433646E-005
   122.000000       1.8250538537579399E-005
   122.099998       1.5202556353126659E-005
   122.199997       1.2157069597856931E-005
   122.300003       3.0380250694856838E-006
   122.400002       2.4294274225265056E-005
   122.500000       6.0710900459115002E-006
   122.599998       1.5171536506792100E-005
   122.699997       6.0661422217034354E-006
   122.800003       9.0955093467806868E-006
   122.900002       2.4244826504646959E-005
   123.000000       3.0293714403737121E-006
   123.099998       6.0562826988201105E-006
   123.199997       6.0538250340590894E-006
   123.300003       0.0000000000000000     
   123.400002       1.2097838636092194E-005
   123.500000       9.0697061059255158E-006
   123.599998       6.0440251747870521E-006
   123.699997       1.5103956564093634E-005
   123.800003       9.0587146273907448E-006
   123.900002       1.5091766369398706E-005
   124.000000       1.2068546018497391E-005
   124.099998       0.0000000000000000     
   124.199997       3.0147071964277042E-006
   124.300003       6.0269898215252302E-006
   124.400002       6.0245677143923756E-006
   124.500000       3.0110742912389424E-006
   124.599998       2.1069063473357580E-005
   124.699997       6.0173192250249847E-006
   124.800003       1.5037272474684990E-005
   124.900002       9.0187525660742272E-006
   125.000000       9.0151453053267436E-006
   125.099998       6.0076954891279436E-006
   125.199997       1.2010593075976623E-005
   125.300003       0.0000000000000000     
   125.400002       9.0007619327313044E-006
   125.500000       8.9971767039982494E-006
   125.599998       8.9935950954603686E-006
   125.699997       5.9933457539897920E-006
   125.800003       1.4977410896260721E-005
   125.900002       1.1977170727211196E-005
   126.000000       5.9862092743165793E-006
   126.099998       2.6927264673244203E-005
   126.199997       5.9814663015893510E-006
   126.300003       8.9686475902231737E-006
   126.400002       5.9767338800580099E-006
   126.500000       1.7923115227588357E-005
   126.599998       1.7916038968912996E-005
   126.699997       8.9544849063265275E-006
   126.800003       5.9673030881505557E-006
   126.900002       2.0877333528970389E-005
   127.000000       1.1925209291469226E-005
   127.099998       8.9403888092282393E-006
   127.199997       2.9789585610589091E-006
   127.300003       1.1911154762603193E-005
   127.400002       1.4883101208133088E-005
   127.500000       2.9754529604678372E-006
   127.599998       2.0820011433337801E-005
   127.699997       1.1892492597505855E-005
   127.800003       1.7831760676944640E-005
   127.900002       8.9123954603225006E-006
   128.000000       2.9696382689859631E-006
   128.100006       1.7810876743342427E-005
   128.199997       1.7803930796244052E-005
   128.300003       8.8984966304484678E-006
   128.399994       8.8950328104651538E-006
   128.500000       1.4819286143464710E-005
   128.600006       5.9254108289410823E-006
   128.699997       5.9231089902729512E-006
   128.800003       8.8812149012585741E-006
   128.899994       1.1837027312483981E-005
   129.000000       2.9581100760469995E-006
   129.100006       1.7741788252050697E-005
   129.199997       5.9116409517434792E-006
   129.300003       8.8640328713699786E-006
   129.399994       0.0000000000000000     
   129.500000       1.1809584212373478E-005
   129.600006       5.9025146602826770E-006
   129.699997       1.4750598661213980E-005
   129.800003       1.1795934018460690E-005
   129.899994       8.8435466751574432E-006
   130.000000       2.9467151515654158E-006
   130.100006       8.8367490655540604E-006
   130.199997       8.8333560233359479E-006
   130.300003       1.1773289414544546E-005
   130.399994       5.8843881145864727E-006
   130.500000       1.1764267484574940E-005
   130.600006       8.8198238526440436E-006
   130.699997       8.8164496755340948E-006
   130.800003       1.1750773711191325E-005
   130.899994       8.8097149340197832E-006
   131.000000       2.6419058662410781E-005
   131.100006       8.8029948721966026E-006
   131.199997       2.9332136273039283E-006
   131.300003       1.1728386904515962E-005
   131.399994       2.9309814066099489E-006
   131.500000       1.7579201611591624E-005
   131.600006       2.9287542848441568E-006
   131.699997       1.1710569916742547E-005
   131.800003       1.4632660017238601E-005
   131.899994       8.7762685666934073E-006
   132.000000       1.1697259163130577E-005
   132.100006       8.7696248778370119E-006
   132.199997       1.1688411495202054E-005
   132.300003       1.7525992649939215E-005
   132.399994       1.4599479970678781E-005
   132.500000       1.1675177149686424E-005
   132.600006       8.7530816848570823E-006
   132.699997       2.9165945732836420E-006
   132.800003       5.8309936067864341E-006
   132.899994       5.8288002012291218E-006
   133.000000       8.7399141130186769E-006
   133.100006       5.8244212251048024E-006
   133.199997       1.1644470330941591E-005
   133.300003       5.8200512268448708E-006
   133.399994       8.7268055503244035E-006
   133.500000       2.9078458103209978E-006
   133.600006       2.9067579721771729E-006
   133.699997       5.8113418953184240E-006
   133.800003       1.1618341816554727E-005
   133.899994       2.9035010105966639E-006
   134.000000       8.7072535639812079E-006
   134.100006       2.3210687874834312E-005
   134.199997       1.7401530953953274E-005
   134.300003       1.4495876885700076E-005
   134.399994       1.1592388456341101E-005
   134.500000       5.7940397819424674E-006
   134.600006       1.4479720911920725E-005
   134.699997       5.7897385447104615E-006
   134.800003       8.6813869059017977E-006
   134.899994       2.8927232692755926E-006
   135.000000       1.7349913034038107E-005
   135.100006       2.8905821054314435E-006
   135.199997       5.7790266081884327E-006
   135.300003       5.7768915327979964E-006
   135.399994       8.6621377614631183E-006
   135.500000       1.1545256005553618E-005
   135.600006       8.6557500215505706E-006
   135.699997       8.6525610996477672E-006
   135.800003       5.7662506280012572E-006
   135.899994       2.8820648476314236E-006
   136.000000       8.6430161899491379E-006
   136.100006       5.7598943901194451E-006
   136.199997       1.1515560023023525E-005
   136.300003       1.1511336249611395E-005
   136.399994       5.7535591959574570E-006
   136.500000       5.7514518120043546E-006
   136.600006       1.1498693818675414E-005
   136.699997       1.7241733452612792E-005
   136.800003       8.6177160967499270E-006
   136.899994       0.0000000000000000     
   137.000000       2.8704753167816078E-006
   137.100006       5.7388576148763454E-006
   137.199997       8.6051491826494895E-006
   137.300003       2.8673387762633494E-006
   137.399994       5.7325909698075330E-006
   137.500000       8.5957602553610693E-006
   137.600006       8.5926377252081889E-006
   137.699997       2.8631727202616698E-006
   137.800003       8.5864015581023949E-006
   137.899994       8.5832893070505203E-006
   138.000000       2.8600600025876053E-006
   138.100006       0.0000000000000000     
   138.199997       5.7159810929869827E-006
   138.300003       2.8569572885493877E-006
   138.399994       2.8559254718680612E-006
   138.500000       2.8548946315240196E-006
   138.600006       8.5615949920473931E-006
   138.699997       2.8528363365660430E-006
   138.800003       5.7036172957456275E-006
   138.899994       2.8507823912500412E-006
   139.000000       2.8497571034566517E-006
   139.100006       5.6974660270153099E-006
   139.199997       2.8477098894722938E-006
   139.300003       2.8466877300622488E-006
   139.399994       0.0000000000000000     
   139.500000       8.5339416557100819E-006
   139.600006       5.6872572662459194E-006
   139.699997       8.5278330185587750E-006
   139.800003       1.1366378262563586E-005
   139.899994       5.6811581614618008E-006
   140.000000       2.8395647790151870E-006
   140.100006       5.6771033174729674E-006
   140.199997       8.5126184689165516E-006
   140.300003       1.1346113081842792E-005
   140.399994       2.8355184562964461E-006
   140.500000       1.4172546804355984E-005
   140.600006       1.4167508334875202E-005
   140.699997       0.0000000000000000     
   140.800003       1.1325956438832573E-005
   140.899994       1.9813392890043095E-005
   141.000000       1.1317923999126932E-005
   141.100006       1.1313914774795537E-005
   141.199997       5.6549546487128044E-006
   141.300003       5.6529537810375217E-006
   141.399994       5.6509552350327947E-006
   141.500000       8.4734378317026610E-006
   141.600006       1.1293929283726569E-005
   141.699997       1.1289944272687850E-005
   141.800003       8.4644729101812593E-006
   141.899994       1.4102485124491404E-005
   142.000000       8.4585120161504889E-006
   142.100006       8.4555364072455288E-006
   142.199997       2.8175211890147335E-006
   142.300003       5.6330627782055230E-006
   142.399994       8.4466282029895244E-006
   142.500000       8.4436649946035372E-006
   142.600006       1.4067842020857840E-005
   142.699997       1.6875495009401128E-005
   142.800003       1.1246391850761251E-005
   142.899994       1.4053071685153418E-005
   143.000000       2.8096318474242294E-006
   143.100006       8.4259508050107552E-006
   143.199997       8.4230094668911048E-006
   143.300003       2.8066902840889910E-006
   143.399994       2.2445695007471519E-005
   143.500000       2.8047343729338400E-006
   143.600006       1.1215031988014219E-005
   143.699997       8.4083475706850997E-006
   143.800003       8.4054245226530639E-006
   143.899994       2.8008349473349068E-006
   144.000000       5.5997252376111943E-006
   144.100006       2.7988911874627738E-006
   144.199997       8.3937626229224563E-006
   144.300003       5.5939029114059346E-006
   144.399994       5.5919667484114285E-006
   144.500000       8.3850478878653483E-006
   144.600006       5.5880993267185417E-006
   144.699997       1.1172337899221369E-005
   144.800003       2.7921199528589230E-006
   144.899994       5.5823135202176500E-006
   145.000000       5.5803889052241375E-006
   145.100006       2.7892332500132862E-006
   145.199997       5.5765458601562554E-006
   145.300003       5.5746269833346493E-006
   145.399994       5.5727103079532935E-006
   145.500000       2.7853979154165998E-006
   145.600006       8.3533246631110870E-006
   145.699997       2.7834860697077243E-006
   145.800003       2.7825316800292245E-006
   145.899994       5.5631567675137593E-006
   146.000000       2.7806259598879658E-006
   146.100006       0.0000000000000000     
   146.199997       5.5574478880105045E-006
   146.300003       8.3333230483658895E-006
   146.399994       5.5536516827301811E-006
   146.500000       5.5517568363474492E-006
   146.600006       8.3247955793797838E-006
   146.699997       1.3869930825578822E-005
   146.800003       5.5460826660704271E-006
   146.899994       1.6632586791692821E-005
   147.000000       1.3855775619965224E-005
   147.100006       2.7702133080687589E-006
   147.199997       2.7692725673850332E-006
   147.300003       0.0000000000000000     
   147.399994       1.1069575483596898E-005
   147.500000       1.1065822781685221E-005
   147.600006       8.2965564209416417E-006
   147.699997       1.1058331079207140E-005
   147.800003       1.1054590331202776E-005
   147.899994       2.7627136781147477E-006
   148.000000       0.0000000000000000     
   148.100006       1.6565089161813740E-005
   148.199997       2.7599168281525253E-006
   148.300003       5.5179726137424075E-006
   148.399994       8.2741711814409559E-006
   148.500000       2.7571284398323875E-006
   148.600006       5.5124021821306392E-006
   148.699997       0.0000000000000000     
   148.800003       2.7543486943331718E-006
   148.899994       5.5068481496884307E-006
   149.000000       5.5050001518522880E-006
   149.100006       1.9261041390891735E-005
   149.199997       5.5013104512883402E-006
   149.300003       8.2492024701841903E-006
   149.399994       2.7488141333251041E-006
   149.500000       8.2436848189895633E-006
   149.600006       1.0987907155378182E-005
   149.699997       0.0000000000000000     
   149.800003       5.4902859365042866E-006
   149.899994       5.4884550202301269E-006
   150.000000       0.0000000000000000     
   150.100006       8.2271978343066684E-006
   150.199997       1.3707432509349061E-005
   150.300003       5.4811490924035067E-006
   150.399994       8.2189908692319339E-006
   150.500000       2.7387535181732929E-006
   150.600006       5.4756888863803954E-006
   150.699997       8.2108085522771991E-006
   150.800003       1.6416173713814255E-005
   150.899994       8.2053676022138600E-006
   151.000000       1.3671084641899130E-005
   151.100006       8.1999370387035565E-006
   151.199997       0.0000000000000000     
   151.300003       1.3657529116757853E-005
   151.399994       0.0000000000000000     
   151.500000       1.0918810976707429E-005
   151.600006       5.4576056731960710E-006
   151.699997       8.1837105665189979E-006
   151.800003       8.1810150340866161E-006
   151.899994       0.0000000000000000     
   152.000000       2.7252110288828687E-006
   152.100006       8.1729460312584432E-006
   152.199997       5.4468409153693356E-006
   152.300003       5.4450527393676559E-006
   152.399994       1.3608167495947790E-005
   152.500000       2.7207412141488299E-006
   152.600006       1.3599249669336679E-005
   152.699997       1.0875837788568212E-005
   152.800003       2.7180697529877283E-006
   152.899994       5.4343625389570696E-006
   153.000000       5.4325867332701590E-006
   153.100006       5.4308129247976395E-006
   153.199997       2.7145203462632002E-006
   153.300003       8.1409050517566207E-006
   153.399994       0.0000000000000000     
   153.500000       1.0847469371354465E-005
   153.600006       0.0000000000000000     
   153.699997       5.4202056072456750E-006
   153.800003       0.0000000000000000     
   153.899994       5.4166840327298602E-006
   154.000000       8.1223883775311015E-006
   154.100006       1.0826338220482436E-005
   154.199997       5.4114137746105818E-006
   154.300003       2.7048302037672406E-006
   154.399994       5.4079090062927356E-006
   154.500000       2.7030795767255070E-006
   154.600006       1.3511028153888637E-005
   154.699997       5.4026644995336359E-006
   154.800003       0.0000000000000000     
   154.899994       8.0987652639359275E-006
   155.000000       2.6987177644824930E-006
   155.100006       1.0791391502515728E-005
   155.199997       2.6969787538091558E-006
   155.300003       5.3922212087489335E-006
   155.399994       2.6952434259877149E-006
   155.500000       2.6943768052609925E-006
   155.600006       8.0805334603351868E-006
   155.699997       5.3852925268946956E-006
   155.800003       2.6917823399660637E-006
   155.899994       0.0000000000000000     
   156.000000       2.6900567711522354E-006
   156.100006       8.0675859875989909E-006
   156.199997       1.0753338575585889E-005
   156.300003       8.0624241429583701E-006
   156.399994       8.0598472331651452E-006
   156.500000       2.6857575280799242E-006
   156.600006       0.0000000000000000     
   156.699997       2.6840435571091173E-006
   156.800003       5.3663756007085172E-006
   156.899994       2.6823329974870713E-006
   157.000000       8.0444362172642938E-006
   157.100006       2.6806256364242907E-006
   157.199997       1.0719092305643330E-005
   157.300003       8.0367637865997396E-006
   157.399994       1.0712282399868923E-005
   157.500000       0.0000000000000000     
   157.600006       2.6763713017487855E-006
   157.699997       5.3510457347460998E-006
   157.800003       2.6746751737745456E-006
   157.899994       5.3476568459051035E-006
   158.000000       1.0691929643435054E-005
   158.100006       8.0164114097991614E-006
   158.199997       8.0138784053847994E-006
   158.300003       1.3352245002014721E-005
   158.399994       2.6696063386859884E-006
   158.500000       2.6687642086060529E-006
   158.600006       2.6679232156628714E-006
   158.699997       0.0000000000000000     
   158.800003       5.3324860412527130E-006
   158.899994       2.6654042205177341E-006
   159.000000       7.9936984485272345E-006
   159.100006       7.9911870242673009E-006
   159.199997       0.0000000000000000     
   159.300003       5.3241134090824547E-006
   159.399994       5.3224438857866962E-006
   159.500000       2.6603877046066482E-006
   159.600006       0.0000000000000000     
   159.699997       1.5952330795192754E-005
   159.800003       5.3157802596796182E-006
   159.899994       2.6570591809828662E-006
   160.000000       2.6562289517644961E-006
   160.100006       0.0000000000000000     
   160.199997       1.0618283395122657E-005
   160.300003       0.0000000000000000     
   160.399994       1.0611664051981735E-005
   160.500000       1.3260447840897477E-005
   160.600006       5.3025280741776504E-006
   160.699997       1.0601756876543249E-005
   160.800003       2.6496151134690171E-006
   160.899994       2.6487919183526567E-006
   161.000000       2.6479694335764719E-006
   161.100006       5.2942957143215360E-006
   161.199997       1.3231633952011708E-005
   161.300003       5.2910132601367756E-006
   161.399994       1.5868123058696359E-005
   161.500000       7.9316058812374886E-006
   161.600006       0.0000000000000000     
   161.699997       0.0000000000000000     
   161.800003       5.2828340126899183E-006
   161.899994       0.0000000000000000     
   162.000000       0.0000000000000000     
   162.100006       7.9169174922895352E-006
   162.199997       0.0000000000000000     
   162.300003       1.5824079127781811E-005
   162.399994       2.6365346789221083E-006
   162.500000       7.9071706000779071E-006
   162.600006       0.0000000000000000     
   162.699997       2.6341035262836567E-006
   162.800003       7.8998839886493790E-006
   162.899994       5.2649729855230913E-006
   163.000000       7.8950376349485716E-006
   163.100006       5.2617452438768484E-006
   163.199997       1.0520266106012343E-005
   163.300003       1.0517045269067552E-005
   163.399994       7.8853709791672481E-006
   163.500000       2.6276533567488771E-006
   163.600006       7.8805512226072903E-006
   163.699997       2.6260481446071999E-006
   163.800003       2.6252465671552716E-006
   163.899994       2.6244458698441849E-006
   164.000000       5.2472917123188911E-006
   164.100006       2.6228467205301115E-006
   164.199997       5.2440961431391654E-006
   164.300003       5.2425005976471956E-006
   164.399994       5.2409064125201909E-006
   164.500000       5.2393135861619535E-006
   164.600006       7.8565837593877094E-006
   164.699997       7.8541985886345535E-006
   164.800003       2.6172720106953131E-006
   164.899994       1.0465914004592754E-005
   165.000000       0.0000000000000000     
   165.100006       2.6148938948980919E-006
   165.199997       0.0000000000000000     
   165.300003       5.2266235765793486E-006
   165.399994       2.6125220337886128E-006
   165.500000       5.2234655129560439E-006
   165.600006       1.0443777371420361E-005
   165.699997       2.6101565984393703E-006
   165.800003       1.0437478089801292E-005
   165.899994       0.0000000000000000     
   166.000000       5.2155955172675652E-006
   166.100006       5.2140257518082519E-006
   166.199997       2.6062286582595344E-006
   166.300003       0.0000000000000000     
   166.399994       5.2093248153316796E-006
   166.500000       2.6038803729412409E-006
   166.600006       7.8092969999469961E-006
   166.699997       0.0000000000000000     
   166.800003       5.2030764725760819E-006
   166.899994       1.0403036911742375E-005
   167.000000       5.1999609882696221E-006
   167.100006       2.5992028017259576E-006
   167.199997       2.5984255744164634E-006
   167.300003       0.0000000000000000     
   167.399994       7.7906198369041407E-006
   167.500000       0.0000000000000000     
   167.600006       2.5953239840308444E-006
   167.699997       7.7836506618917192E-006
   167.800003       2.5937771093976120E-006
   167.899994       2.5930048403938459E-006
   168.000000       2.5922332218244685E-006
   168.100006       1.8140237104690278E-005
   168.199997       2.5906921234622665E-006
   168.300003       0.0000000000000000     
   168.399994       2.5891538076407702E-006
   168.500000       0.0000000000000000     
   168.600006       7.7628542330648786E-006
   168.699997       2.5868511805524748E-006
   168.800003       7.7582553523560026E-006
   168.899994       0.0000000000000000     
   169.000000       2.5845549203256801E-006
   169.100006       7.7513723544663428E-006
   169.199997       2.5830272903750605E-006
   169.300003       0.0000000000000000     
   169.399994       5.1630051999205023E-006
   169.500000       1.0322964096193413E-005
   169.600006       7.7399413921884017E-006
   169.699997       5.1584407044568598E-006
   169.800003       0.0000000000000000     
   169.899994       7.7331066771267120E-006
   170.000000       0.0000000000000000     
   170.100006       7.7285610460872414E-006
   170.199997       0.0000000000000000     
   170.300003       1.2873370748376456E-005
   170.399994       2.5739188530005456E-006
   170.500000       0.0000000000000000     
   170.600006       2.5724101516863455E-006
   170.699997       0.0000000000000000     
   170.800003       7.7127119048730138E-006
   170.899994       0.0000000000000000     
   171.000000       2.5694004844335000E-006
   171.100006       2.5686497762438121E-006
   171.199997       1.0271598774947793E-005
   171.300003       2.5671502362010023E-006
   171.399994       2.5664015898452464E-006
   171.500000       2.5656533800108578E-006
   171.600006       2.5649059797206836E-006
   171.699997       5.1283180295078748E-006
   171.800003       7.6902385731009254E-006
   171.899994       2.5626675075291089E-006
   172.000000       5.1238451813501408E-006
   172.100006       0.0000000000000000     
   172.199997       1.0241739198461567E-005
   172.300003       1.0238767695166209E-005
   172.399994       0.0000000000000000     
   172.500000       7.6746240653757139E-006
   172.600006       0.0000000000000000     
   172.699997       2.5567267668546193E-006
   172.800003       5.1119739357272764E-006
   172.899994       2.5552479674740862E-006
   173.000000       2.5545095794801876E-006
   173.100006       2.5537718031906615E-006
   173.199997       1.0212138551661162E-005
   173.300003       2.5522982678362501E-006
   173.399994       7.6546869672485622E-006
   173.500000       0.0000000000000000     
   173.600006       2.5500926268439121E-006
   173.699997       2.5493586904501764E-006
   173.800003       1.0194501442958665E-005
   173.899994       5.0957852740598252E-006
   174.000000       5.0943210372789903E-006
   174.100006       5.0928583778202219E-006
   174.199997       5.0913969258582593E-006
   174.300003       2.5449681562076195E-006
   174.399994       7.6327159073880935E-006
   174.500000       0.0000000000000000     
   174.600006       2.5427815829460341E-006
   174.699997       0.0000000000000000     
   174.800003       5.0826534957355169E-006
   174.899994       5.0812008247638909E-006
   175.000000       0.0000000000000000     
   175.100006       2.5391495351746986E-006
   175.199997       0.0000000000000000     
   175.300003       7.6131031355885168E-006
   175.399994       0.0000000000000000     
   175.500000       2.5362549371121083E-006
   175.600006       0.0000000000000000     
   175.699997       5.0696231405960573E-006
   175.800003       5.0681811877910776E-006
   175.899994       2.5333705739294768E-006
   176.000000       2.5326507809746936E-006
   176.100006       2.5319319427235587E-006
   176.199997       7.5936405372302375E-006
   176.300003       5.0609913428269045E-006
   176.399994       2.5297786007012025E-006
   176.500000       7.5871858088065017E-006
   176.600006       5.0566920812132030E-006
   176.699997       0.0000000000000000     
   176.800003       2.5269160081133046E-006
   176.899994       5.0524037399603145E-006
   177.000000       5.0509766327792038E-006
   177.100006       2.5247755275987674E-006
   177.199997       7.5721894231397456E-006
   177.300003       2.5233513370943250E-006
   177.399994       0.0000000000000000     
   177.500000       2.5219298354042895E-006
   177.600006       2.5212199555752224E-006
   177.699997       0.0000000000000000     
   177.800003       5.0396038694742922E-006
   177.899994       5.0381875848926238E-006
   178.000000       2.5183862280546789E-006
   178.100006       2.5176794208139821E-006
   178.199997       0.0000000000000000     
   178.300003       1.0065069421087374E-005
   178.399994       0.0000000000000000     
   178.500000       5.0297151814650560E-006
   178.600006       1.5084923033000800E-005
   178.699997       7.5403509042311727E-006
   178.800003       2.5127475159921595E-006
   178.899994       0.0000000000000000     
   179.000000       5.0226876789497278E-006
   179.100006       0.0000000000000000     
   179.199997       2.5099424454767479E-006
   179.300003       2.5092425135109235E-006
   179.399994       0.0000000000000000     
   179.500000       2.5078447124780331E-006
   179.600006       2.5071466633765918E-006
   179.699997       7.5193475431639927E-006
   179.800003       0.0000000000000000     
   179.899994       2.5050559142634958E-006
   180.000000       2.5043601285536562E-006
   180.100006       5.0073298142842628E-006
   180.199997       2.5029704272053746E-006
   180.300003       0.0000000000000000     
   180.399994       5.0031659554340613E-006
   180.500000       2.5008900071314899E-006
   180.600006       2.5001977751645843E-006
   180.699997       2.4995061036058947E-006
   180.800003       0.0000000000000000     
   180.899994       2.4981242621589275E-006
   181.000000       0.0000000000000000     
   181.100006       4.9934900184489373E-006
   181.199997       4.9921122610864528E-006
   181.300003       2.4953678086111279E-006
   181.399994       0.0000000000000000     
   181.500000       4.9879856651372366E-006
   181.600006       7.4799190610151964E-006
   181.699997       2.4926202525815439E-006
   181.800003       2.4919348814464262E-006
   181.899994       2.4912500632404028E-006
   182.000000       4.9811312426520350E-006
   182.100006       4.9797638145457641E-006
   182.199997       0.0000000000000000     
   182.300003       0.0000000000000000     
   182.399994       4.9756681389886669E-006
   182.500000       2.4871525563705129E-006
   182.600006       4.9729431839755930E-006
   182.699997       0.0000000000000000     
   182.800003       2.4851113070676866E-006
   182.899994       2.4844321605140152E-006
   183.000000       2.4837533850616492E-006
   183.100006       0.0000000000000000     
   183.199997       2.4823976457796146E-006
   183.300003       0.0000000000000000     
   183.399994       4.9620881690074972E-006
   183.500000       2.4803682064465808E-006
   183.600006       0.0000000000000000     
   183.699997       2.4790179032695396E-006
   183.800003       4.9566873029639152E-006
   183.899994       2.4776699405835106E-006
   184.000000       2.4769967699911367E-006
   184.100006       4.9526482782452667E-006
   184.199997       2.4756520473966597E-006
   184.300003       0.0000000000000000     
   184.399994       2.4743094790512243E-006
   184.500000       7.4209170038200926E-006
   184.600006       2.4729690603212341E-006
   184.699997       0.0000000000000000     
   184.800003       0.0000000000000000     
   184.899994       2.4709626259290753E-006
   185.000000       2.4702948264240551E-006
   185.100006       2.4696277339571165E-006
   185.199997       0.0000000000000000     
   185.300003       4.9365896044295036E-006
   185.399994       0.0000000000000000     
   185.500000       4.9339286896752365E-006
   185.600006       2.4662997401717748E-006
   185.699997       2.4656358385608344E-006
   185.800003       9.8598891771367292E-006
   185.899994       0.0000000000000000     
   186.000000       4.9272942756781209E-006
   186.100006       0.0000000000000000     
   186.199997       0.0000000000000000     
   186.300003       4.9233263806846715E-006
   186.399994       2.4610029854450514E-006
   186.500000       4.9206866127395236E-006
   186.600006       0.0000000000000000     
   186.699997       0.0000000000000000     
   186.800003       2.4583674184711877E-006
   186.899994       7.3731295112499058E-006
   187.000000       0.0000000000000000     
   187.100006       9.8255849713125799E-006
   187.199997       2.4557402288481107E-006
   187.300003       0.0000000000000000     
   187.399994       2.4544297644073184E-006
   187.500000       2.4537753128386655E-006
   187.600006       1.2265607758751710E-005
   187.699997       4.9049362778665694E-006
   187.800003       2.4518152447105169E-006
   187.899994       2.4511628685317168E-006
   188.000000       2.4505110098473651E-006
   188.100006       2.4498598384379764E-006
   188.199997       0.0000000000000000     
   188.300003       4.8971174068523217E-006
   188.399994       2.4479090792081837E-006
   188.500000       0.0000000000000000     
   188.600006       7.3398331026233676E-006
   188.699997       0.0000000000000000     
   188.800003       0.0000000000000000     
   188.899994       2.4446679874868331E-006
   189.000000       7.3320643288438539E-006
   189.100006       2.4433752403036077E-006
   189.199997       2.4427295486218742E-006
   189.300003       0.0000000000000000     
   189.399994       0.0000000000000000     
   189.500000       4.8815914060703016E-006
   189.600006       0.0000000000000000     
   189.699997       2.4395090735926803E-006
   189.800003       2.4388666050162418E-006
   189.899994       0.0000000000000000     
   190.000000       0.0000000000000000     
   190.100006       0.0000000000000000     
   190.199997       4.8726025806006211E-006
   190.300003       7.3069840553886398E-006
   190.399994       0.0000000000000000     
   190.500000       2.4343828191746675E-006
   190.600006       7.3012326725252761E-006
   190.699997       0.0000000000000000     
   190.800003       0.0000000000000000     
   190.899994       0.0000000000000000     
   191.000000       0.0000000000000000     
   191.100006       2.4305591182908595E-006
   191.199997       4.8598470659074378E-006
   191.300003       4.8585772297985012E-006
   191.399994       2.4286540285553290E-006
   191.500000       0.0000000000000000     
   191.600006       4.8547730376682573E-006
   191.699997       0.0000000000000000     
   191.800003       4.8522416651543020E-006
   191.899994       2.4254889016777125E-006
   192.000000       0.0000000000000000     
   192.100006       2.4242261937411014E-006
   192.199997       2.4235957494099708E-006
   192.300003       2.4229656329003272E-006
   192.399994       2.4223360104800272E-006
   192.500000       0.0000000000000000     
   192.600006       2.4210784121992451E-006
   192.699997       4.8409002052198994E-006
   192.800003       4.8396449028109424E-006
   192.899994       2.4191954578152112E-006
   193.000000       2.4185687890579796E-006
   193.100006       4.8358852216027802E-006
   193.199997       7.2519507676070719E-006
   193.300003       0.0000000000000000     
   193.399994       2.4160670139415988E-006
   193.500000       4.8308855851946841E-006
   193.600006       0.0000000000000000     
   193.699997       2.4141958132801922E-006
   193.800003       7.2407186669248191E-006
   193.899994       4.8259015635086904E-006
   194.000000       4.8246576600029247E-006
   194.100006       2.4117075289198798E-006
   194.199997       2.4110867127714710E-006
   194.300003       0.0000000000000000     
   194.399994       4.8196930665353721E-006
   194.500000       0.0000000000000000     
   194.600006       2.4086081228428636E-006
   194.699997       0.0000000000000000     
   194.800003       2.4073716424819464E-006
   194.899994       4.8135084140479785E-006
   195.000000       2.4061370882008112E-006
   195.100006       0.0000000000000000     
   195.199997       2.4049044560266613E-006
   195.300003       2.4042887774655791E-006
   195.399994       4.8073474839959694E-006
   195.500000       4.8061180422229531E-006
   195.600006       0.0000000000000000     
   195.699997       0.0000000000000000     
   195.800003       2.4012177253219536E-006
   195.899994       2.4006050775929981E-006
   196.000000       0.0000000000000000     
   196.100006       4.7987617658126618E-006
   196.199997       4.7975389972063357E-006
   196.300003       0.0000000000000000     
   196.399994       2.3975481536372242E-006
   196.500000       0.0000000000000000     
   196.600006       4.7926570812925943E-006
   196.699997       4.7914390502119568E-006
   196.800003       2.3951108190438328E-006
   196.899994       2.3945027476613485E-006
   197.000000       4.7877902951825121E-006
   197.100006       4.7865760367021140E-006
   197.199997       9.5707247879508512E-006
   197.300003       2.3920748456559580E-006
   197.399994       4.7829382523634320E-006
   197.500000       7.1725911401685496E-006
   197.600006       2.3902589313312958E-006
   197.699997       4.7793089103231198E-006
   197.800003       0.0000000000000000     
   197.899994       2.3884469052496592E-006
   198.000000       2.3878438305534998E-006
   198.100006       2.3872412220623239E-006
   198.199997       0.0000000000000000     
   198.300003       4.7720748035886225E-006
   198.399994       0.0000000000000000     
   198.500000       2.3848352792436382E-006
   198.600006       2.3842349947421809E-006
   198.699997       4.7672703472074225E-006
   198.800003       2.3830356541929717E-006
   198.899994       2.3824367584481596E-006
   199.000000       4.7636763273045202E-006
   199.100006       2.3812401914207632E-006
   199.199997       0.0000000000000000     
   199.300003       0.0000000000000000     
   199.399994       2.3794485568942474E-006
   199.500000       2.3788522655513390E-006
   199.600006       0.0000000000000000     
   199.699997       2.3776610603155815E-006
   199.800003       0.0000000000000000     
   199.899994       4.7529433771575769E-006
   200.000000       0.0000000000000000     
   200.100006       2.3752839865115813E-006
   200.199997       0.0000000000000000     
   200.300003       2.3740981108489180E-006
   200.399994       0.0000000000000000     
   200.500000       2.3729140578983130E-006
   200.600006       0.0000000000000000     
   200.699997       2.3717316643390031E-006
   200.800003       2.3711411486669023E-006
   200.899994       4.7411024918702553E-006
   201.000000       0.0000000000000000     
   201.100006       2.3693724799060876E-006
   201.199997       0.0000000000000000     
   201.300003       0.0000000000000000     
   201.399994       2.3676075613169011E-006
   201.500000       2.3670200512788165E-006
   201.600006       4.7328663011918814E-006
   201.699997       0.0000000000000000     
   201.800003       7.0957811420858615E-006
   201.899994       2.3646748282677422E-006
   202.000000       2.3640894070799385E-006
   202.100006       2.3635047512840977E-006
   202.199997       4.7258407691913385E-006
   202.300003       2.3623363068002640E-006
   202.399994       0.0000000000000000     
   202.500000       2.3611698081314130E-006
   202.600006       0.0000000000000000     
   202.699997       4.7200098701936590E-006
   202.800003       0.0000000000000000     
   202.899994       2.3588418424979619E-006
   203.000000       4.7165217676646459E-006
   203.100006       4.7153607380344296E-006
   203.199997       4.7142005952168830E-006
   203.300003       2.3565206691624238E-006
   203.399994       4.7118829664723886E-006
   203.500000       2.3553625819447768E-006
   203.600006       2.3547842798089793E-006
   203.699997       2.3542064188676667E-006
   203.800003       2.3536288414693915E-006
   203.899994       2.3530518616731643E-006
   204.000000       2.3524751646947627E-006
   204.100006       2.3518989073061828E-006
   204.199997       0.0000000000000000     
   204.300003       0.0000000000000000     
   204.399994       4.7003455365983099E-006
   204.500000       0.0000000000000000     
   204.600006       2.3490240422940408E-006
   204.699997       2.3484504133371920E-006
   204.800003       2.3478770644710022E-006
   204.899994       0.0000000000000000     
   205.000000       0.0000000000000000     
   205.100006       4.6923195797377944E-006
   205.199997       0.0000000000000000     
   205.300003       2.3450168552645003E-006
   205.399994       2.3444462734068337E-006
   205.500000       2.3438758132351418E-006
   205.600006       2.3433059422790425E-006
   205.699997       2.3427363483631910E-006
   205.800003       2.3421671869690823E-006
   205.899994       2.3415986132759778E-006
   206.000000       0.0000000000000000     
   206.100006       0.0000000000000000     
   206.199997       1.4039370080566900E-005
   206.300003       7.0179835585294382E-006
   206.399994       2.3387612775987883E-006
   206.500000       4.6763902637761479E-006
   206.600006       2.3376292602056652E-006
   206.699997       0.0000000000000000     
   206.800003       4.6729976058455130E-006
   206.899994       0.0000000000000000     
   207.000000       0.0000000000000000     
   207.100006       4.6696129611287897E-006
   207.199997       2.3342430208441639E-006
   207.300003       2.3336799875754337E-006
   207.399994       4.6662350696411730E-006
   207.500000       6.9976660593597990E-006
   207.600006       0.0000000000000000     
   207.699997       6.9942972574090972E-006
   207.800003       0.0000000000000000     
   207.899994       0.0000000000000000     
   208.000000       2.3297508141361159E-006
   208.100006       0.0000000000000000     
   208.199997       2.3286318093051751E-006
   208.300003       2.3280728637110394E-006
   208.399994       4.6550289877303166E-006
   208.500000       2.3269563917962269E-006
   208.600006       2.3263987109059357E-006
   208.699997       0.0000000000000000     
   208.800003       0.0000000000000000     
   208.899994       2.3247280378041488E-006
   209.000000       0.0000000000000000     
   209.100006       4.6472326064764366E-006
   209.199997       2.3230609877551882E-006
   209.300003       0.0000000000000000     
   209.399994       0.0000000000000000     
   209.500000       2.3213973973999932E-006
   209.600006       6.9625312599374679E-006
   209.699997       2.3202905260346388E-006
   209.800003       2.3197375624432003E-006
   209.899994       2.3191850149929134E-006
   210.000000       2.3186328832774055E-006
   210.100006       0.0000000000000000     
   210.199997       4.6350597308559871E-006
   210.300003       0.0000000000000000     
   210.399994       2.3164283533744121E-006
   210.500000       0.0000000000000000     
   210.600006       2.3153284964551656E-006
   210.699997       4.6295582232627719E-006
   210.800003       2.3142301394552425E-006
   210.899994       4.6273631590501501E-006
   211.000000       4.6262665591842267E-006
   211.100006       4.6251710860459945E-006
   211.199997       2.3120380657941679E-006
   211.300003       4.6229819987071494E-006
   211.399994       0.0000000000000000     
   211.500000       0.0000000000000000     
   211.600006       4.6197045215445149E-006
   211.699997       0.0000000000000000     
   211.800003       0.0000000000000000     
   211.899994       2.3082170537445421E-006
   212.000000       9.2306908024592992E-006
   212.100006       2.3071287552374540E-006
   212.199997       6.9197556516520226E-006
   212.300003       2.3060419352418844E-006
   212.399994       0.0000000000000000     
   212.500000       2.3049567418055513E-006
   212.600006       2.3044148294160001E-006
   212.699997       0.0000000000000000     
   212.800003       0.0000000000000000     
   212.899994       0.0000000000000000     
   213.000000       2.3022504777266325E-006
   213.100006       4.6034208767451304E-006
   213.199997       0.0000000000000000     
   213.300003       0.0000000000000000     
   213.399994       2.3000922897878564E-006
   213.500000       0.0000000000000000     
   213.600006       2.2990155374610179E-006
   213.699997       0.0000000000000000     
   213.800003       0.0000000000000000     
   213.899994       0.0000000000000000     
   214.000000       2.2968664018414179E-006
   214.100006       0.0000000000000000     
   214.199997       4.5915880264122820E-006
   214.300003       0.0000000000000000     
   214.399994       4.5894464464870412E-006
   214.500000       4.5883767042375607E-006
   214.600006       6.8809620866437719E-006
   214.699997       0.0000000000000000     
   214.800003       0.0000000000000000     
   214.899994       0.0000000000000000     
   215.000000       0.0000000000000000     
   215.100006       0.0000000000000000     
   215.199997       0.0000000000000000     
   215.300003       4.5798462097375014E-006
   215.399994       0.0000000000000000     
   215.500000       2.2888604593708057E-006
   215.600006       0.0000000000000000     
   215.699997       4.5755987876432993E-006
   215.800003       0.0000000000000000     
   215.899994       0.0000000000000000     
   216.000000       0.0000000000000000     
   216.100006       2.2856815456927792E-006
   216.199997       4.5703059110506806E-006
   216.300003       2.2846247579142624E-006
   216.399994       0.0000000000000000     
   216.500000       0.0000000000000000     
   216.600006       2.2830425166730524E-006
   216.699997       0.0000000000000000     
   216.800003       0.0000000000000000     
   216.899994       2.2814634995375986E-006
   217.000000       4.5618754883773510E-006
   217.100006       0.0000000000000000     
   217.199997       0.0000000000000000     
   217.300003       0.0000000000000000     
   217.399994       4.5576778245428071E-006
   217.500000       0.0000000000000000     
   217.600006       4.5555833606207996E-006
   217.699997       0.0000000000000000     
   217.800003       2.2767458517338725E-006
   217.899994       2.2762235915810888E-006
   218.000000       0.0000000000000000     
   218.100006       0.0000000000000000     
   218.199997       6.8239756242555811E-006
   218.300003       0.0000000000000000     
   218.399994       2.2736170543495484E-006
   218.500000       0.0000000000000000     
   218.600006       2.2725769602742946E-006
   218.699997       0.0000000000000000     
   218.800003       0.0000000000000000     
   218.899994       2.2710195535989942E-006
   219.000000       0.0000000000000000     
   219.100006       2.2699830040222613E-006
   219.199997       2.2694653032358670E-006
   219.300003       4.5378956770663469E-006
   219.399994       0.0000000000000000     
   219.500000       0.0000000000000000     
   219.600006       2.2673978806293307E-006
   219.699997       0.0000000000000000     
   219.800003       4.5327324743424712E-006
   219.899994       0.0000000000000000     
   220.000000       2.2653361146094805E-006
   220.100006       0.0000000000000000     
   220.199997       2.2643073645719239E-006
   220.300003       2.2637935580191226E-006
   220.399994       6.7898399537844433E-006
   220.500000       4.5255335788945894E-006
   220.600006       0.0000000000000000     
   220.699997       0.0000000000000000     
   220.800003       2.2612294701067325E-006
   220.899994       2.2607177845099731E-006
   221.000000       0.0000000000000000     
   221.100006       4.5193905052800029E-006
   221.199997       2.2591845507688967E-006
   221.300003       2.2586740796877342E-006
   221.399994       0.0000000000000000     
   221.500000       0.0000000000000000     
   221.600006       2.2571450617207774E-006
   221.699997       2.2566360898621199E-006
   221.800003       0.0000000000000000     
   221.899994       2.2556191232346299E-006
   222.000000       2.2551111278953948E-006
   222.100006       0.0000000000000000     
   222.199997       2.2540962559379643E-006
   222.300003       0.0000000000000000     
   222.399994       0.0000000000000000     
   222.500000       2.2525764515700825E-006
   222.600006       0.0000000000000000     
   222.699997       2.2515650101627401E-006
   222.800003       4.5021194038015522E-006
   222.899994       2.2505549078813654E-006
   223.000000       2.2500503402085706E-006
   223.100006       0.0000000000000000     
   223.199997       0.0000000000000000     
   223.300003       2.2485387111749081E-006
   223.399994       2.2480354773097639E-006
   223.500000       4.4950652240070317E-006
   223.600006       4.4940602298253721E-006
   223.699997       0.0000000000000000     
   223.800003       0.0000000000000000     
   223.899994       0.0000000000000000     
   224.000000       0.0000000000000000     
   224.100006       0.0000000000000000     
   224.199997       2.2440219882560557E-006
   224.300003       0.0000000000000000     
   224.399994       2.2430220678314620E-006
   224.500000       0.0000000000000000     
   224.600006       2.2420233234349594E-006
   224.699997       0.0000000000000000     
   224.800003       2.2410260381713874E-006
   224.899994       2.2405278706358410E-006
   225.000000       2.2400299245307774E-006
   225.100006       0.0000000000000000     
   225.199997       0.0000000000000000     
   225.300003       0.0000000000000000     
   225.399994       2.2380419151008949E-006
   225.500000       0.0000000000000000     
   225.600006       2.2370498721588276E-006
   225.699997       0.0000000000000000     
   225.800003       2.2360591339915405E-006
   225.899994       0.0000000000000000     
   226.000000       2.2350696983006501E-006
   226.100006       0.0000000000000000     
   226.199997       0.0000000000000000     
   226.300003       2.2335880349873466E-006
   226.399994       2.2330948667033292E-006
   226.500000       0.0000000000000000     
   226.600006       4.4642189319561449E-006
   226.699997       0.0000000000000000     
   226.800003       0.0000000000000000     
   226.899994       4.4612674009337228E-006
   227.000000       2.2301424003777086E-006
   227.100006       2.2296514577448634E-006
   227.199997       0.0000000000000000     
   227.300003       4.4573410051417951E-006
   227.399994       0.0000000000000000     
   227.500000       0.0000000000000000     
   227.600006       0.0000000000000000     
   227.699997       4.4534248916904938E-006
   227.800003       0.0000000000000000     
   227.899994       2.2257354803860125E-006
   228.000000       2.2252474595952153E-006
   228.100006       0.0000000000000000     
   228.199997       0.0000000000000000     
   228.300003       2.2237851014663618E-006
   228.399994       0.0000000000000000     
   228.500000       2.2228119644749071E-006
   228.600006       2.2223259255347961E-006
   228.699997       2.2218400991022762E-006
   228.800003       2.2213544850380076E-006
   228.899994       2.2208693631542165E-006
   229.000000       4.4407689062316377E-006
   229.100006       4.4398000689823990E-006
   229.199997       0.0000000000000000     
   229.300003       2.2189318310755926E-006
   229.399994       0.0000000000000000     
   229.500000       0.0000000000000000     
   229.600006       0.0000000000000000     
   229.699997       2.2169994900828192E-006
   229.800003       2.2165171048689060E-006
   229.899994       0.0000000000000000     
   230.000000       0.0000000000000000     
   230.100006       0.0000000000000000     
   230.199997       2.2145909140490214E-006
   230.300003       4.4282202655810480E-006
   230.399994       2.2136298383684122E-006
   230.500000       0.0000000000000000     
   230.600006       0.0000000000000000     
   230.699997       0.0000000000000000     
   230.800003       0.0000000000000000     
   230.899994       4.4224646421587160E-006
   231.000000       4.4215073807123344E-006
   231.100006       0.0000000000000000     
   231.199997       2.2097974660014200E-006
   231.300003       0.0000000000000000     
   231.399994       2.2088424838779001E-006
   231.500000       0.0000000000000000     
   231.600006       0.0000000000000000     
   231.699997       0.0000000000000000     
   231.800003       0.0000000000000000     
   231.899994       4.4129208639478795E-006
   232.000000       2.2059849694365228E-006
   232.100006       2.2055098498128039E-006
   232.199997       2.2050349348052098E-006
   232.300003       0.0000000000000000     
   232.399994       0.0000000000000000     
   232.500000       2.2036122430109953E-006
   232.600006       0.0000000000000000     
   232.699997       2.2026652143618024E-006
   232.800003       0.0000000000000000     
   232.899994       0.0000000000000000     
   233.000000       6.6037412714349534E-006
   233.100006       0.0000000000000000     
   233.199997       4.4006063847379183E-006
   233.300003       0.0000000000000000     
   233.399994       0.0000000000000000     
   233.500000       0.0000000000000000     
   233.600006       0.0000000000000000     
   233.699997       4.3958971229720585E-006
   233.800003       0.0000000000000000     
   233.899994       0.0000000000000000     
   234.000000       2.1965395148811366E-006
   234.100006       2.1960705077958089E-006
   234.199997       0.0000000000000000     
   234.300003       0.0000000000000000     
   234.399994       0.0000000000000000     
   234.500000       0.0000000000000000     
   234.600006       0.0000000000000000     
   234.699997       0.0000000000000000     
   234.800003       4.3855902094256310E-006
   234.899994       0.0000000000000000     
   235.000000       0.0000000000000000     
   235.100006       0.0000000000000000     
   235.199997       2.1909300668075350E-006
   235.300003       2.1904645412316394E-006
   235.399994       2.1899993495535477E-006
   235.500000       0.0000000000000000     
   235.600006       0.0000000000000000     
   235.699997       2.1886055030373824E-006
   235.800003       0.0000000000000000     
   235.899994       2.1876777100488489E-006
   236.000000       2.1872142442398484E-006
   236.100006       0.0000000000000000     
   236.199997       0.0000000000000000     
   236.300003       0.0000000000000000     
   236.399994       0.0000000000000000     
   236.500000       4.3698029668319778E-006
   236.600006       0.0000000000000000     
   236.699997       0.0000000000000000     
   236.800003       2.1835173638267460E-006
   236.899994       0.0000000000000000     
   237.000000       0.0000000000000000     
   237.100006       0.0000000000000000     
   237.199997       2.1816759024152632E-006
   237.300003       0.0000000000000000     
   237.399994       0.0000000000000000     
   237.500000       0.0000000000000000     
   237.600006       0.0000000000000000     
   237.699997       2.1793806292472309E-006
   237.800003       0.0000000000000000     
   237.899994       0.0000000000000000     
   238.000000       0.0000000000000000     
   238.100006       0.0000000000000000     
   238.199997       0.0000000000000000     
   238.300003       2.1766357609105064E-006
   238.399994       0.0000000000000000     
   238.500000       0.0000000000000000     
   238.600006       2.1752673279297270E-006
   238.699997       0.0000000000000000     
   238.800003       2.1743563078618131E-006
   238.899994       0.0000000000000000     
   239.000000       8.6937863472266044E-006
   239.100006       6.5189762360500448E-006
   239.199997       0.0000000000000000     
   239.300003       2.1720840341558522E-006
   239.399994       2.1716304971777953E-006
   239.500000       0.0000000000000000     
   239.600006       0.0000000000000000     
   239.699997       0.0000000000000000     
   239.800003       0.0000000000000000     
   239.899994       2.1693667187870551E-006
   240.000000       0.0000000000000000     
   240.100006       0.0000000000000000     
   240.199997       0.0000000000000000     
   240.300003       0.0000000000000000     
   240.399994       0.0000000000000000     
   240.500000       0.0000000000000000     
   240.600006       0.0000000000000000     
   240.699997       0.0000000000000000     
   240.800003       0.0000000000000000     
   240.899994       2.1648603407839433E-006
   241.000000       2.1644111446227739E-006
   241.100006       0.0000000000000000     
   241.199997       2.1635138426587754E-006
   241.300003       0.0000000000000000     
   241.399994       2.1626176825644194E-006
   241.500000       2.1621699471989597E-006
   241.600006       2.1617225298072676E-006
   241.699997       2.1612752975452483E-006
   241.800003       4.3216570306343885E-006
   241.899994       0.0000000000000000     
   242.000000       0.0000000000000000     
   242.100006       0.0000000000000000     
   242.199997       0.0000000000000000     
   242.300003       2.1585982977548157E-006
   242.399994       2.1581531502410025E-006
   242.500000       0.0000000000000000     
   242.600006       0.0000000000000000     
   242.699997       0.0000000000000000     
   242.800003       0.0000000000000000     
   242.899994       4.3118624381399710E-006
   243.000000       0.0000000000000000     
   243.100006       0.0000000000000000     
   243.199997       6.4638040062790128E-006
   243.300003       4.3083169863860009E-006
   243.399994       2.1537160962372795E-006
   243.500000       2.1532738809533173E-006
   243.600006       0.0000000000000000     
   243.699997       0.0000000000000000     
   243.800003       0.0000000000000000     
   243.899994       0.0000000000000000     
   244.000000       2.1510669701621160E-006
   244.100006       0.0000000000000000     
   244.199997       0.0000000000000000     
   244.300003       2.1497460954532092E-006
   244.399994       0.0000000000000000     
   244.500000       0.0000000000000000     
   244.600006       2.1484276278877341E-006
   244.699997       2.1479887598974670E-006
   244.800003       4.2950998805664391E-006
   244.899994       0.0000000000000000     
   245.000000       0.0000000000000000     
   245.100006       2.1462356023626407E-006
   245.199997       0.0000000000000000     
   245.300003       2.1453606188110005E-006
   245.399994       2.1449236556496920E-006
   245.500000       0.0000000000000000     
   245.600006       0.0000000000000000     
   245.699997       0.0000000000000000     
   245.800003       0.0000000000000000     
   245.899994       2.1427422889264464E-006
   246.000000       0.0000000000000000     
   246.100006       2.1418715829480702E-006
   246.199997       2.1414365603352688E-006
   246.300003       2.1410018444852879E-006
   246.399994       0.0000000000000000     
   246.500000       2.1401333320100846E-006
   246.600006       0.0000000000000000     
   246.699997       0.0000000000000000     
   246.800003       0.0000000000000000     
   246.899994       0.0000000000000000     
   247.000000       0.0000000000000000     
   247.100006       4.2750681839003175E-006
   247.199997       0.0000000000000000     
   247.300003       4.2733393713899418E-006
   247.399994       2.1362379389511788E-006
   247.500000       0.0000000000000000     
   247.600006       2.1353750981044773E-006
   247.699997       0.0000000000000000     
   247.800003       2.1345133418960423E-006
   247.899994       6.4022485614535723E-006
   248.000000       2.1336526685436163E-006
   248.100006       4.2664455716242181E-006
   248.199997       0.0000000000000000     
   248.300003       2.1323635398096323E-006
   248.399994       0.0000000000000000     
   248.500000       0.0000000000000000     
   248.600006       0.0000000000000000     
   248.699997       2.1306484110586337E-006
   248.800003       2.1302202530616365E-006
   248.899994       2.1297923958388959E-006
   249.000000       0.0000000000000000     
   249.100006       2.1289374540543200E-006
   249.199997       6.3855311072372907E-006
   249.300003       2.1280834554240711E-006
   249.399994       4.2553136829171859E-006
   249.500000       0.0000000000000000     
   249.600006       0.0000000000000000     
   249.699997       0.0000000000000000     
   249.800003       0.0000000000000000     
   249.899994       0.0000000000000000     
   250.000000       0.0000000000000000     
   250.100006       0.0000000000000000     
   250.199997       0.0000000000000000     
   250.300003       0.0000000000000000     
   250.399994       2.1234049529294713E-006
   250.500000       0.0000000000000000     
   250.600006       0.0000000000000000     
   250.699997       6.3664029256433572E-006
   250.800003       4.2434224520863868E-006
   250.899994       2.1212885676109340E-006
   251.000000       0.0000000000000000     
   251.100006       4.2408875114455745E-006
   251.199997       0.0000000000000000     
   251.300003       0.0000000000000000     
   251.399994       0.0000000000000000     
   251.500000       6.3562715047124144E-006
   251.600006       0.0000000000000000     
   251.699997       0.0000000000000000     
   251.800003       0.0000000000000000     
   251.899994       0.0000000000000000     
   252.000000       0.0000000000000000     
   252.100006       0.0000000000000000     
   252.199997       0.0000000000000000     
   252.300003       0.0000000000000000     
   252.399994       0.0000000000000000     
   252.500000       0.0000000000000000     
   252.600006       2.1141397063073095E-006
   252.699997       2.1137214535289445E-006
   252.800003       2.1133033662086940E-006
   252.899994       2.1128856976379435E-006
   253.000000       2.1124681941287428E-006
   253.100006       4.2241017111665266E-006
   253.199997       0.0000000000000000     
   253.300003       2.1112170524767349E-006
   253.399994       2.1108005874208757E-006
   253.500000       4.2207685732778443E-006
   253.600006       0.0000000000000000     
   253.699997       2.1095524300987883E-006
   253.800003       2.1091368739474136E-006
   253.899994       2.1087216076786931E-006
   254.000000       2.1083065049006693E-006
   254.100006       2.1078916916133889E-006
   254.199997       0.0000000000000000     
   254.300003       2.1070626805354094E-006
   254.399994       0.0000000000000000     
   254.500000       0.0000000000000000     
   254.600006       0.0000000000000000     
   254.699997       0.0000000000000000     
   254.800003       0.0000000000000000     
   254.899994       2.1045819434987203E-006
   255.000000       0.0000000000000000     
   255.100006       2.1037569148682781E-006
   255.199997       0.0000000000000000     
   255.300003       2.1029329093442376E-006
   255.399994       0.0000000000000000     
   255.500000       0.0000000000000000     
   255.600006       0.0000000000000000     
   255.699997       2.1012877104269912E-006
   255.800003       6.3026310961191680E-006
   255.899994       0.0000000000000000     
   256.000000       2.1000564069798715E-006
   256.100006       0.0000000000000000     
   256.200012       0.0000000000000000     
   256.299988       0.0000000000000000     
   256.399994       2.0984178284221231E-006
   256.500000       0.0000000000000000     
   256.600006       0.0000000000000000     
   256.700012       0.0000000000000000     
   256.799988       0.0000000000000000     
   256.899994       0.0000000000000000     
   257.000000       0.0000000000000000     
   257.100006       0.0000000000000000     
   257.200012       0.0000000000000000     
   257.299988       0.0000000000000000     
   257.399994       0.0000000000000000     
   257.500000       0.0000000000000000     
   257.600006       4.1870512166194066E-006
   257.700012       4.1862389002368879E-006
   257.799988       0.0000000000000000     
   257.899994       0.0000000000000000     
   258.000000       2.0919024173272978E-006
   258.100006       0.0000000000000000     
   258.200012       0.0000000000000000     
   258.299988       2.0906872951740991E-006
   258.399994       0.0000000000000000     
   258.500000       0.0000000000000000     
   258.600006       2.0894745750774881E-006
   258.700012       4.1781414603967019E-006
   258.799988       0.0000000000000000     
   258.899994       0.0000000000000000     
   259.000000       0.0000000000000000     
   259.100006       0.0000000000000000     
   259.200012       0.0000000000000000     
   259.299988       0.0000000000000000     
   259.399994       2.0862506515424993E-006
   259.500000       2.0858487926331194E-006
   259.600006       2.0854470885080962E-006
   259.700012       0.0000000000000000     
   259.799988       2.0846443909146395E-006
   259.899994       0.0000000000000000     
   260.000000       0.0000000000000000     
   260.100006       2.0834421184041020E-006
   260.200012       0.0000000000000000     
   260.299988       2.0826417017775497E-006
   260.399994       0.0000000000000000     
   260.500000       2.0818421459212059E-006
   260.600006       0.0000000000000000     
   260.700012       0.0000000000000000     
   260.799988       0.0000000000000000     
   260.899994       2.0802458570456735E-006
   261.000000       2.0798475355388321E-006
   261.100006       0.0000000000000000     
   261.200012       2.0790513499690202E-006
   261.299988       2.0786534857309694E-006
   261.399994       0.0000000000000000     
   261.500000       0.0000000000000000     
   261.600006       2.0774615410476813E-006
   261.700012       0.0000000000000000     
   261.799988       0.0000000000000000     
   261.899994       0.0000000000000000     
   262.000000       0.0000000000000000     
   262.100006       0.0000000000000000     
   262.200012       0.0000000000000000     
   262.299988       0.0000000000000000     
   262.399994       0.0000000000000000     
   262.500000       0.0000000000000000     
   262.600006       0.0000000000000000     
   262.700012       0.0000000000000000     
   262.799988       0.0000000000000000     
   262.899994       2.0723197607258866E-006
   263.000000       0.0000000000000000     
   263.100006       0.0000000000000000     
   263.200012       2.0711384753442633E-006
   263.299988       2.0707453372790181E-006
   263.399994       0.0000000000000000     
   263.500000       2.0699595087252217E-006
   263.600006       0.0000000000000000     
   263.700012       0.0000000000000000     
   263.799988       0.0000000000000000     
   263.899994       0.0000000000000000     
   264.000000       2.0679987579332821E-006
   264.100006       0.0000000000000000     
   264.200012       0.0000000000000000     
   264.299988       0.0000000000000000     
   264.399994       0.0000000000000000     
   264.500000       2.0660436564636368E-006
   264.600006       0.0000000000000000     
   264.700012       0.0000000000000000     
   264.799988       0.0000000000000000     
   264.899994       0.0000000000000000     
   265.000000       2.0640939409894589E-006
   265.100006       0.0000000000000000     
   265.200012       6.1899467041644259E-006
   265.299988       4.1258532033803757E-006
   265.399994       0.0000000000000000     
   265.500000       0.0000000000000000     
   265.600006       2.0617615471142887E-006
   265.700012       2.0613736487568032E-006
   265.799988       0.0000000000000000     
   265.899994       0.0000000000000000     
   266.000000       0.0000000000000000     
   266.100006       0.0000000000000000     
   266.200012       2.0594370664751416E-006
   266.299988       0.0000000000000000     
   266.399994       0.0000000000000000     
   266.500000       0.0000000000000000     
   266.600006       2.0578917646157277E-006
   266.700012       2.0575060417135410E-006
   266.799988       0.0000000000000000     
   266.899994       0.0000000000000000     
   267.000000       0.0000000000000000     
   267.100006       0.0000000000000000     
   267.200012       2.0555805534464833E-006
   267.299988       2.0551959361263476E-006
   267.399994       0.0000000000000000     
   267.500000       0.0000000000000000     
   267.600006       2.0540439051558677E-006
   267.700012       0.0000000000000000     
   267.799988       0.0000000000000000     
   267.899994       0.0000000000000000     
   268.000000       0.0000000000000000     
   268.100006       4.1042559914719820E-006
   268.200012       0.0000000000000000     
   268.299988       0.0000000000000000     
   268.399994       0.0000000000000000     
   268.500000       0.0000000000000000     
   268.600006       0.0000000000000000     
   268.700012       0.0000000000000000     
   268.799988       0.0000000000000000     
   268.899994       0.0000000000000000     
   269.000000       0.0000000000000000     
   269.100006       0.0000000000000000     
   269.200012       2.0479318822865116E-006
   269.299988       2.0475515494107390E-006
   269.399994       0.0000000000000000     
   269.500000       0.0000000000000000     
   269.600006       0.0000000000000000     
   269.700012       0.0000000000000000     
   269.799988       2.0456536647199609E-006
   269.899994       0.0000000000000000     
   270.000000       4.0897925102185027E-006
   270.100006       0.0000000000000000     
   270.200012       0.0000000000000000     
   270.299988       0.0000000000000000     
   270.399994       2.0433833542357942E-006
   270.500000       0.0000000000000000     
   270.600006       2.0426283350155855E-006
   270.700012       0.0000000000000000     
   270.799988       0.0000000000000000     
   270.899994       0.0000000000000000     
   271.000000       2.0411204421301662E-006
   271.100006       0.0000000000000000     
   271.200012       0.0000000000000000     
   271.299988       0.0000000000000000     
   271.399994       0.0000000000000000     
   271.500000       0.0000000000000000     
   271.600006       6.1165953958228276E-006
   271.700012       0.0000000000000000     
   271.799988       0.0000000000000000     
   271.899994       0.0000000000000000     
   272.000000       0.0000000000000000     
   272.100006       0.0000000000000000     
   272.200012       0.0000000000000000     
   272.299988       0.0000000000000000     
   272.399994       0.0000000000000000     
   272.500000       0.0000000000000000     
   272.600006       0.0000000000000000     
   272.700012       0.0000000000000000     
   272.799988       0.0000000000000000     
   272.899994       0.0000000000000000     
   273.000000       0.0000000000000000     
   273.100006       0.0000000000000000     
   273.200012       0.0000000000000000     
   273.299988       0.0000000000000000     
   273.399994       0.0000000000000000     
   273.500000       0.0000000000000000     
   273.600006       0.0000000000000000     
   273.700012       0.0000000000000000     
   273.799988       0.0000000000000000     
   273.899994       0.0000000000000000     
   274.000000       0.0000000000000000     
   274.100006       0.0000000000000000     
   274.200012       0.0000000000000000     
   274.299988       0.0000000000000000     
   274.399994       0.0000000000000000     
   274.500000       0.0000000000000000     
   274.600006       0.0000000000000000     
   274.700012       0.0000000000000000     
   274.799988       0.0000000000000000     
   274.899994       0.0000000000000000     
   275.000000       0.0000000000000000     
   275.100006       0.0000000000000000     
   275.200012       0.0000000000000000     
   275.299988       0.0000000000000000     
   275.399994       2.0247524344511006E-006
   275.500000       0.0000000000000000     
   275.600006       0.0000000000000000     
   275.700012       0.0000000000000000     
   275.799988       0.0000000000000000     
   275.899994       0.0000000000000000     
   276.000000       0.0000000000000000     
   276.100006       0.0000000000000000     
   276.200012       0.0000000000000000     
   276.299988       0.0000000000000000     
   276.399994       0.0000000000000000     
   276.500000       0.0000000000000000     
   276.600006       2.0203564504424434E-006
   276.700012       0.0000000000000000     
   276.799988       0.0000000000000000     
   276.899994       0.0000000000000000     
   277.000000       0.0000000000000000     
   277.100006       0.0000000000000000     
   277.200012       2.0181691921352771E-006
   277.299988       0.0000000000000000     
   277.399994       0.0000000000000000     
   277.500000       0.0000000000000000     
   277.600006       0.0000000000000000     
   277.700012       0.0000000000000000     
   277.799988       0.0000000000000000     
   277.899994       2.0156261744852407E-006
   278.000000       2.0152637386241286E-006
   278.100006       0.0000000000000000     
   278.200012       2.0145392577854862E-006
   278.299988       0.0000000000000000     
   278.399994       0.0000000000000000     
   278.500000       2.0134542029886755E-006
   278.600006       0.0000000000000000     
   278.700012       0.0000000000000000     
   278.799988       2.0123707761180915E-006
   278.899994       2.0120099694765611E-006
   279.000000       0.0000000000000000     
   279.100006       0.0000000000000000     
   279.200012       0.0000000000000000     
   279.299988       0.0000000000000000     
   279.399994       0.0000000000000000     
   279.500000       2.0098499072195400E-006
   279.600006       0.0000000000000000     
   279.700012       2.0091311458839638E-006
   279.799988       0.0000000000000000     
   279.899994       2.0084133563529288E-006
   280.000000       0.0000000000000000     
   280.100006       0.0000000000000000     
   280.200012       2.0073380906038605E-006
   280.299988       2.0069800007062623E-006
   280.399994       0.0000000000000000     
   280.500000       0.0000000000000000     
   280.600006       0.0000000000000000     
   280.700012       0.0000000000000000     
   280.799988       0.0000000000000000     
   280.899994       0.0000000000000000     
   281.000000       2.0044792247796985E-006
   281.100006       0.0000000000000000     
   281.200012       2.0037663499836191E-006
   281.299988       0.0000000000000000     
   281.399994       0.0000000000000000     
   281.500000       0.0000000000000000     
   281.600006       0.0000000000000000     
   281.700012       2.0019876305740485E-006
   281.799988       0.0000000000000000     
   281.899994       0.0000000000000000     
   282.000000       0.0000000000000000     
   282.100006       0.0000000000000000     
   282.200012       0.0000000000000000     
   282.299988       1.9998592381104720E-006
   282.399994       0.0000000000000000     
   282.500000       0.0000000000000000     
   282.600006       0.0000000000000000     
   282.700012       0.0000000000000000     
   282.799988       0.0000000000000000     
   282.899994       0.0000000000000000     
   283.000000       0.0000000000000000     
   283.100006       0.0000000000000000     
   283.200012       0.0000000000000000     
   283.299988       0.0000000000000000     
   283.399994       1.9959750216061067E-006
   283.500000       1.9956230083991948E-006
   283.600006       0.0000000000000000     
   283.700012       0.0000000000000000     
   283.799988       0.0000000000000000     
   283.899994       0.0000000000000000     
   284.000000       1.9938659314033624E-006
   284.100006       1.9935151127968427E-006
   284.200012       0.0000000000000000     
   284.299988       0.0000000000000000     
   284.399994       0.0000000000000000     
   284.500000       0.0000000000000000     
   284.600006       0.0000000000000000     
   284.700012       0.0000000000000000     
   284.799988       0.0000000000000000     
   284.899994       1.9907145765169245E-006
   285.000000       0.0000000000000000     
   285.100006       0.0000000000000000     
   285.200012       0.0000000000000000     
   285.299988       0.0000000000000000     
   285.399994       0.0000000000000000     
   285.500000       0.0000000000000000     
   285.600006       0.0000000000000000     
   285.700012       0.0000000000000000     
   285.799988       0.0000000000000000     
   285.899994       1.9872306115721779E-006
   286.000000       1.9868834682437800E-006
   286.100006       0.0000000000000000     
   286.200012       0.0000000000000000     
   286.299988       0.0000000000000000     
   286.399994       0.0000000000000000     
   286.500000       0.0000000000000000     
   286.600006       0.0000000000000000     
   286.700012       0.0000000000000000     
   286.799988       0.0000000000000000     
   286.899994       0.0000000000000000     
   287.000000       1.9834195870366998E-006
   287.100006       0.0000000000000000     
   287.200012       0.0000000000000000     
   287.299988       0.0000000000000000     
   287.399994       0.0000000000000000     
   287.500000       0.0000000000000000     
   287.600006       0.0000000000000000     
   287.700012       3.9620108667446078E-006
   287.799988       0.0000000000000000     
   287.899994       0.0000000000000000     
   288.000000       0.0000000000000000     
   288.100006       0.0000000000000000     
   288.200012       1.9792866658405634E-006
   288.299988       0.0000000000000000     
   288.399994       0.0000000000000000     
   288.500000       0.0000000000000000     
   288.600006       1.9779147747386188E-006
   288.700012       0.0000000000000000     
   288.799988       0.0000000000000000     
   288.899994       0.0000000000000000     
   289.000000       0.0000000000000000     
   289.100006       0.0000000000000000     
   289.200012       0.0000000000000000     
   289.299988       1.9755206403019684E-006
   289.399994       0.0000000000000000     
   289.500000       0.0000000000000000     
   289.600006       0.0000000000000000     
   289.700012       0.0000000000000000     
   289.799988       1.9738160167080464E-006
   289.899994       1.9734757544150129E-006
   290.000000       1.9731356094160648E-006
   290.100006       1.9727953607479446E-006
   290.200012       1.9724556710579112E-006
   290.299988       0.0000000000000000     
   290.399994       0.0000000000000000     
   290.500000       0.0000000000000000     
   290.600006       0.0000000000000000     
   290.700012       0.0000000000000000     
   290.799988       0.0000000000000000     
   290.899994       1.9700813350277756E-006
   291.000000       0.0000000000000000     
   291.100006       0.0000000000000000     
   291.200012       0.0000000000000000     
   291.299988       0.0000000000000000     
   291.399994       0.0000000000000000     
   291.500000       0.0000000000000000     
   291.600006       0.0000000000000000     
   291.700012       0.0000000000000000     
   291.799988       0.0000000000000000     
   291.899994       0.0000000000000000     
   292.000000       0.0000000000000000     
   292.100006       0.0000000000000000     
   292.200012       1.9656946927547245E-006
   292.299988       0.0000000000000000     
   292.399994       0.0000000000000000     
   292.500000       0.0000000000000000     
   292.600006       0.0000000000000000     
   292.700012       0.0000000000000000     
   292.799988       0.0000000000000000     
   292.899994       0.0000000000000000     
   293.000000       0.0000000000000000     
   293.100006       0.0000000000000000     
   293.200012       0.0000000000000000     
   293.299988       1.9620057278196883E-006
   293.399994       0.0000000000000000     
   293.500000       1.9613373673729570E-006
   293.600006       0.0000000000000000     
   293.700012       0.0000000000000000     
   293.799988       0.0000000000000000     
   293.899994       1.9600024477116249E-006
   294.000000       0.0000000000000000     
   294.100006       1.9593361048732454E-006
   294.200012       0.0000000000000000     
   294.299988       0.0000000000000000     
   294.399994       0.0000000000000000     
   294.500000       0.0000000000000000     
   294.600006       0.0000000000000000     
   294.700012       1.9573406618505196E-006
   294.799988       1.9570086642504072E-006
   294.899994       0.0000000000000000     
   295.000000       1.9563454412774924E-006
   295.100006       0.0000000000000000     
   295.200012       0.0000000000000000     
   295.299988       0.0000000000000000     
   295.399994       0.0000000000000000     
   295.500000       0.0000000000000000     
   295.600006       0.0000000000000000     
   295.700012       0.0000000000000000     
   295.799988       0.0000000000000000     
   295.899994       0.0000000000000000     
   296.000000       0.0000000000000000     
   296.100006       0.0000000000000000     
   296.200012       0.0000000000000000     
   296.299988       0.0000000000000000     
   296.399994       0.0000000000000000     
   296.500000       0.0000000000000000     
   296.600006       3.9021249892835885E-006
   296.700012       0.0000000000000000     
   296.799988       0.0000000000000000     
   296.899994       0.0000000000000000     
   297.000000       1.9497484248026955E-006
   297.100006       0.0000000000000000     
   297.200012       0.0000000000000000     
   297.299988       0.0000000000000000     
   297.399994       0.0000000000000000     
   297.500000       0.0000000000000000     
   297.600006       0.0000000000000000     
   297.700012       1.9474551018595733E-006
   297.799988       0.0000000000000000     
   297.899994       0.0000000000000000     
   298.000000       0.0000000000000000     
   298.100006       0.0000000000000000     
   298.200012       0.0000000000000000     
   298.299988       0.0000000000000000     
   298.399994       0.0000000000000000     
   298.500000       1.9448442241219163E-006
   298.600006       0.0000000000000000     
   298.700012       1.9441930808885726E-006
   298.799988       1.9438676727489573E-006
   298.899994       1.9435425879211112E-006
   299.000000       0.0000000000000000     
   299.100006       1.9428927443518435E-006
   299.200012       0.0000000000000000     
   299.299988       0.0000000000000000     
   299.399994       0.0000000000000000     
   299.500000       0.0000000000000000     
   299.600006       1.9412711045528844E-006
   299.700012       0.0000000000000000     
   299.799988       0.0000000000000000     
   299.899994       0.0000000000000000     
   300.000000       0.0000000000000000     
   300.100006       0.0000000000000000     
   300.200012       0.0000000000000000     
   300.299988       0.0000000000000000     
   300.399994       0.0000000000000000     
   300.500000       1.9383623764807922E-006
   300.600006       1.9380399830113259E-006
   300.700012       0.0000000000000000     
   300.799988       0.0000000000000000     
   300.899994       0.0000000000000000     
   301.000000       0.0000000000000000     
   301.100006       0.0000000000000000     
   301.200012       0.0000000000000000     
   301.299988       0.0000000000000000     
   301.399994       0.0000000000000000     
   301.500000       1.9351458111061609E-006
   301.600006       0.0000000000000000     
   301.700012       0.0000000000000000     
   301.799988       0.0000000000000000     
   301.899994       0.0000000000000000     
   302.000000       1.9335434381295249E-006
   302.100006       1.9332234940487652E-006
   302.200012       0.0000000000000000     
   302.299988       0.0000000000000000     
   302.399994       0.0000000000000000     
   302.500000       0.0000000000000000     
   302.600006       0.0000000000000000     
   302.700012       0.0000000000000000     
   302.799988       1.9309879049584377E-006
   302.899994       0.0000000000000000     
   303.000000       0.0000000000000000     
   303.100006       0.0000000000000000     
   303.200012       0.0000000000000000     
   303.299988       0.0000000000000000     
   303.399994       0.0000000000000000     
   303.500000       0.0000000000000000     
   303.600006       0.0000000000000000     
   303.700012       0.0000000000000000     
   303.799988       0.0000000000000000     
   303.899994       1.9274905658823336E-006
   304.000000       0.0000000000000000     
   304.100006       0.0000000000000000     
   304.200012       0.0000000000000000     
   304.299988       0.0000000000000000     
   304.399994       0.0000000000000000     
   304.500000       0.0000000000000000     
   304.600006       0.0000000000000000     
   304.700012       0.0000000000000000     
   304.799988       0.0000000000000000     
   304.899994       0.0000000000000000     
   305.000000       0.0000000000000000     
   305.100006       1.9236970583041090E-006
   305.200012       0.0000000000000000     
   305.299988       1.9230669229959743E-006
   305.399994       0.0000000000000000     
   305.500000       0.0000000000000000     
   305.600006       0.0000000000000000     
   305.700012       0.0000000000000000     
   305.799988       0.0000000000000000     
   305.899994       0.0000000000000000     
   306.000000       0.0000000000000000     
   306.100006       0.0000000000000000     
   306.200012       0.0000000000000000     
   306.299988       0.0000000000000000     
   306.399994       0.0000000000000000     
   306.500000       0.0000000000000000     
   306.600006       0.0000000000000000     
   306.700012       0.0000000000000000     
   306.799988       0.0000000000000000     
   306.899994       0.0000000000000000     
   307.000000       1.9177358483146129E-006
   307.100006       0.0000000000000000     
   307.200012       0.0000000000000000     
   307.299988       0.0000000000000000     
   307.399994       0.0000000000000000     
   307.500000       1.9161763375359491E-006
   307.600006       0.0000000000000000     
   307.700012       0.0000000000000000     
   307.799988       0.0000000000000000     
   307.899994       0.0000000000000000     
   308.000000       0.0000000000000000     
   308.100006       0.0000000000000000     
   308.200012       0.0000000000000000     
   308.299988       0.0000000000000000     
   308.399994       1.9133788421465921E-006
   308.500000       1.9130686519479025E-006
   308.600006       0.0000000000000000     
   308.700012       0.0000000000000000     
   308.799988       0.0000000000000000     
   308.899994       0.0000000000000000     
   309.000000       0.0000000000000000     
   309.100006       0.0000000000000000     
   309.200012       0.0000000000000000     
   309.299988       0.0000000000000000     
   309.399994       1.9102845662626364E-006
   309.500000       0.0000000000000000     
   309.600006       0.0000000000000000     
   309.700012       0.0000000000000000     
   309.799988       0.0000000000000000     
   309.899994       0.0000000000000000     
   310.000000       3.8168709746531028E-006
   310.100006       0.0000000000000000     
   310.200012       0.0000000000000000     
   310.299988       0.0000000000000000     
   310.399994       1.9072054436512045E-006
   310.500000       1.9068984900296781E-006
   310.600006       0.0000000000000000     
   310.700012       0.0000000000000000     
   310.799988       0.0000000000000000     
   310.899994       0.0000000000000000     
   311.000000       0.0000000000000000     
   311.100006       1.9050590471931110E-006
   311.200012       0.0000000000000000     
   311.299988       1.9044470310397974E-006
   311.399994       0.0000000000000000     
   311.500000       0.0000000000000000     
   311.600006       0.0000000000000000     
   311.700012       0.0000000000000000     
   311.799988       0.0000000000000000     
   311.899994       1.9026145724825243E-006
   312.000000       0.0000000000000000     
   312.100006       0.0000000000000000     
   312.200012       0.0000000000000000     
   312.299988       0.0000000000000000     
   312.399994       0.0000000000000000     
   312.500000       0.0000000000000000     
   312.600006       1.9004836161836917E-006
   312.700012       0.0000000000000000     
   312.799988       0.0000000000000000     
   312.899994       0.0000000000000000     
   313.000000       0.0000000000000000     
   313.100006       0.0000000000000000     
   313.200012       1.8986626608609073E-006
   313.299988       0.0000000000000000     
   313.399994       0.0000000000000000     
   313.500000       1.8977542065978231E-006
   313.600006       0.0000000000000000     
   313.700012       0.0000000000000000     
   313.799988       0.0000000000000000     
   313.899994       0.0000000000000000     
   314.000000       1.8962427267849623E-006
   314.100006       0.0000000000000000     
   314.200012       0.0000000000000000     
   314.299988       1.8953378096069844E-006
   314.399994       0.0000000000000000     
   314.500000       0.0000000000000000     
   314.600006       0.0000000000000000     
   314.700012       0.0000000000000000     
   314.799988       0.0000000000000000     
   314.899994       0.0000000000000000     
   315.000000       0.0000000000000000     
   315.100006       0.0000000000000000     
   315.200012       1.8926302658976865E-006
   315.299988       0.0000000000000000     
   315.399994       0.0000000000000000     
   315.500000       0.0000000000000000     
   315.600006       0.0000000000000000     
   315.700012       0.0000000000000000     
   315.799988       0.0000000000000000     
   315.899994       0.0000000000000000     
   316.000000       0.0000000000000000     
   316.100006       0.0000000000000000     
   316.200012       0.0000000000000000     
   316.299988       0.0000000000000000     
   316.399994       0.0000000000000000     
   316.500000       0.0000000000000000     
   316.600006       0.0000000000000000     
   316.700012       0.0000000000000000     
   316.799988       1.8878455940236127E-006
   316.899994       0.0000000000000000     
   317.000000       0.0000000000000000     
   317.100006       0.0000000000000000     
   317.200012       1.8866550724404183E-006
   317.299988       0.0000000000000000     
   317.399994       0.0000000000000000     
   317.500000       0.0000000000000000     
   317.600006       0.0000000000000000     
   317.700012       0.0000000000000000     
   317.799988       0.0000000000000000     
   317.899994       0.0000000000000000     
   318.000000       0.0000000000000000     
   318.100006       0.0000000000000000     
   318.200012       0.0000000000000000     
   318.299988       1.8833928433707705E-006
   318.399994       0.0000000000000000     
   318.500000       0.0000000000000000     
   318.600006       0.0000000000000000     
   318.700012       1.8822107445729074E-006
   318.799988       0.0000000000000000     
   318.899994       1.8816205528855030E-006
   319.000000       0.0000000000000000     
   319.100006       0.0000000000000000     
   319.200012       1.8807361597787731E-006
   319.299988       0.0000000000000000     
   319.399994       0.0000000000000000     
   319.500000       1.8798531993761861E-006
   319.600006       1.8795591971253705E-006
   319.700012       0.0000000000000000     
   319.799988       0.0000000000000000     
   319.899994       0.0000000000000000     
   320.000000       0.0000000000000000     
   320.100006       0.0000000000000000     
   320.200012       0.0000000000000000     
   320.299988       0.0000000000000000     
   320.399994       0.0000000000000000     
   320.500000       0.0000000000000000     
   320.600006       0.0000000000000000     
   320.700012       0.0000000000000000     
   320.799988       0.0000000000000000     
   320.899994       0.0000000000000000     
   321.000000       1.8754565936852137E-006
   321.100006       1.8751645636834065E-006
   321.200012       0.0000000000000000     
   321.299988       0.0000000000000000     
   321.399994       0.0000000000000000     
   321.500000       0.0000000000000000     
   321.600006       0.0000000000000000     
   321.700012       3.7468305755320319E-006
   321.799988       0.0000000000000000     
   321.899994       0.0000000000000000     
   322.000000       0.0000000000000000     
   322.100006       0.0000000000000000     
   322.200012       0.0000000000000000     
   322.299988       0.0000000000000000     
   322.399994       0.0000000000000000     
   322.500000       0.0000000000000000     
   322.600006       0.0000000000000000     
   322.700012       0.0000000000000000     
   322.799988       0.0000000000000000     
   322.899994       0.0000000000000000     
   323.000000       0.0000000000000000     
   323.100006       1.8693527215747906E-006
   323.200012       0.0000000000000000     
   323.299988       0.0000000000000000     
   323.399994       0.0000000000000000     
   323.500000       0.0000000000000000     
   323.600006       0.0000000000000000     
   323.700012       0.0000000000000000     
   323.799988       0.0000000000000000     
   323.899994       0.0000000000000000     
   324.000000       0.0000000000000000     
   324.100006       1.8664671111709938E-006
   324.200012       0.0000000000000000     
   324.299988       0.0000000000000000     
   324.399994       0.0000000000000000     
   324.500000       0.0000000000000000     
   324.600006       1.8650293222874281E-006
   324.700012       0.0000000000000000     
   324.799988       0.0000000000000000     
   324.899994       0.0000000000000000     
   325.000000       0.0000000000000000     
   325.100006       0.0000000000000000     
   325.200012       0.0000000000000000     
   325.299988       0.0000000000000000     
   325.399994       0.0000000000000000     
   325.500000       0.0000000000000000     
   325.600006       0.0000000000000000     
   325.700012       0.0000000000000000     
   325.799988       0.0000000000000000     
   325.899994       0.0000000000000000     
   326.000000       0.0000000000000000     
   326.100006       0.0000000000000000     
   326.200012       0.0000000000000000     
   326.299988       0.0000000000000000     
   326.399994       0.0000000000000000     
   326.500000       0.0000000000000000     
   326.600006       0.0000000000000000     
   326.700012       0.0000000000000000     
   326.799988       0.0000000000000000     
   326.899994       0.0000000000000000     
   327.000000       0.0000000000000000     
   327.100006       0.0000000000000000     
   327.200012       0.0000000000000000     
   327.299988       0.0000000000000000     
   327.399994       0.0000000000000000     
   327.500000       0.0000000000000000     
   327.600006       0.0000000000000000     
   327.700012       0.0000000000000000     
   327.799988       0.0000000000000000     
   327.899994       3.7112440086045114E-006
   328.000000       0.0000000000000000     
   328.100006       0.0000000000000000     
   328.200012       0.0000000000000000     
   328.299988       0.0000000000000000     
   328.399994       0.0000000000000000     
   328.500000       0.0000000000000000     
   328.600006       0.0000000000000000     
   328.700012       3.7067258375093154E-006
   328.799988       0.0000000000000000     
   328.899994       1.8527992501252153E-006
   329.000000       0.0000000000000000     
   329.100006       0.0000000000000000     
   329.200012       1.8519551684283084E-006
   329.299988       0.0000000000000000     
   329.399994       0.0000000000000000     
   329.500000       0.0000000000000000     
   329.600006       0.0000000000000000     
   329.700012       1.8505505269061936E-006
   329.799988       1.8502698931148835E-006
   329.899994       0.0000000000000000     
   330.000000       1.8497092691964944E-006
   330.100006       0.0000000000000000     
   330.200012       0.0000000000000000     
   330.299988       0.0000000000000000     
   330.399994       1.8485894278672866E-006
   330.500000       0.0000000000000000     
   330.600006       0.0000000000000000     
   330.700012       0.0000000000000000     
   330.799988       0.0000000000000000     
   330.899994       0.0000000000000000     
   331.000000       0.0000000000000000     
   331.100006       0.0000000000000000     
   331.200012       0.0000000000000000     
   331.299988       0.0000000000000000     
   331.399994       0.0000000000000000     
   331.500000       1.8455204205350463E-006
   331.600006       0.0000000000000000     
   331.700012       0.0000000000000000     
   331.799988       0.0000000000000000     
   331.899994       0.0000000000000000     
   332.000000       0.0000000000000000     
   332.100006       0.0000000000000000     
   332.200012       1.8435751711794662E-006
   332.299988       0.0000000000000000     
   332.399994       0.0000000000000000     
   332.500000       0.0000000000000000     
   332.600006       0.0000000000000000     
   332.700012       0.0000000000000000     
   332.799988       0.0000000000000000     
   332.899994       0.0000000000000000     
   333.000000       0.0000000000000000     
   333.100006       1.8410832319512939E-006
   333.200012       0.0000000000000000     
   333.299988       0.0000000000000000     
   333.399994       0.0000000000000000     
   333.500000       0.0000000000000000     
   333.600006       0.0000000000000000     
   333.700012       0.0000000000000000     
   333.799988       0.0000000000000000     
   333.899994       1.8388766598211629E-006
   334.000000       0.0000000000000000     
   334.100006       0.0000000000000000     
   334.200012       0.0000000000000000     
   334.299988       0.0000000000000000     
   334.399994       0.0000000000000000     
   334.500000       0.0000000000000000     
   334.600006       0.0000000000000000     
   334.700012       0.0000000000000000     
   334.799988       0.0000000000000000     
   334.899994       0.0000000000000000     
   335.000000       0.0000000000000000     
   335.100006       0.0000000000000000     
   335.200012       0.0000000000000000     
   335.299988       0.0000000000000000     
   335.399994       0.0000000000000000     
   335.500000       0.0000000000000000     
   335.600006       0.0000000000000000     
   335.700012       0.0000000000000000     
   335.799988       0.0000000000000000     
   335.899994       0.0000000000000000     
   336.000000       1.8331220585089637E-006
   336.100006       0.0000000000000000     
   336.200012       0.0000000000000000     
   336.299988       0.0000000000000000     
   336.399994       0.0000000000000000     
   336.500000       0.0000000000000000     
   336.600006       0.0000000000000000     
   336.700012       0.0000000000000000     
   336.799988       3.6618880616421380E-006
   336.899994       0.0000000000000000     
   337.000000       0.0000000000000000     
   337.100006       0.0000000000000000     
   337.200012       0.0000000000000000     
   337.299988       1.8295866485462258E-006
   337.399994       0.0000000000000000     
   337.500000       0.0000000000000000     
   337.600006       1.8287736403870988E-006
   337.700012       1.8285029879800886E-006
   337.799988       0.0000000000000000     
   337.899994       0.0000000000000000     
   338.000000       0.0000000000000000     
   338.100006       0.0000000000000000     
   338.200012       0.0000000000000000     
   338.299988       0.0000000000000000     
   338.399994       0.0000000000000000     
   338.500000       1.8263412172857596E-006
   338.600006       1.8260716628595505E-006
   338.700012       0.0000000000000000     
   338.799988       0.0000000000000000     
   338.899994       0.0000000000000000     
   339.000000       0.0000000000000000     
   339.100006       0.0000000000000000     
   339.200012       1.8244560057617795E-006
   339.299988       0.0000000000000000     
   339.399994       0.0000000000000000     
   339.500000       0.0000000000000000     
   339.600006       0.0000000000000000     
   339.700012       0.0000000000000000     
   339.799988       0.0000000000000000     
   339.899994       0.0000000000000000     
   340.000000       0.0000000000000000     
   340.100006       0.0000000000000000     
   340.200012       0.0000000000000000     
   340.299988       0.0000000000000000     
   340.399994       0.0000000000000000     
   340.500000       0.0000000000000000     
   340.600006       0.0000000000000000     
   340.700012       1.8204359268902228E-006
   340.799988       0.0000000000000000     
   340.899994       0.0000000000000000     
   341.000000       0.0000000000000000     
   341.100006       1.8193685244195130E-006
   341.200012       0.0000000000000000     
   341.299988       1.8188352924457057E-006
   341.399994       0.0000000000000000     
   341.500000       0.0000000000000000     
   341.600006       0.0000000000000000     
   341.700012       0.0000000000000000     
   341.799988       0.0000000000000000     
   341.899994       0.0000000000000000     
   342.000000       0.0000000000000000     
   342.100006       0.0000000000000000     
   342.200012       0.0000000000000000     
   342.299988       0.0000000000000000     
   342.399994       0.0000000000000000     
   342.500000       0.0000000000000000     
   342.600006       0.0000000000000000     
   342.700012       0.0000000000000000     
   342.799988       0.0000000000000000     
   342.899994       0.0000000000000000     
   343.000000       0.0000000000000000     
   343.100006       0.0000000000000000     
   343.200012       1.8137943776983017E-006
   343.299988       0.0000000000000000     
   343.399994       0.0000000000000000     
   343.500000       0.0000000000000000     
   343.600006       0.0000000000000000     
   343.700012       0.0000000000000000     
   343.799988       0.0000000000000000     
   343.899994       0.0000000000000000     
   344.000000       0.0000000000000000     
   344.100006       0.0000000000000000     
   344.200012       0.0000000000000000     
   344.299988       0.0000000000000000     
   344.399994       0.0000000000000000     
   344.500000       0.0000000000000000     
   344.600006       0.0000000000000000     
   344.700012       0.0000000000000000     
   344.799988       0.0000000000000000     
   344.899994       0.0000000000000000     
   345.000000       0.0000000000000000     
   345.100006       0.0000000000000000     
   345.200012       0.0000000000000000     
   345.299988       0.0000000000000000     
   345.399994       0.0000000000000000     
   345.500000       0.0000000000000000     
   345.600006       0.0000000000000000     
   345.700012       0.0000000000000000     
   345.799988       0.0000000000000000     
   345.899994       0.0000000000000000     
   346.000000       0.0000000000000000     
   346.100006       0.0000000000000000     
   346.200012       0.0000000000000000     
   346.299988       0.0000000000000000     
   346.399994       0.0000000000000000     
   346.500000       0.0000000000000000     
   346.600006       0.0000000000000000     
   346.700012       0.0000000000000000     
   346.799988       0.0000000000000000     
   346.899994       0.0000000000000000     
   347.000000       0.0000000000000000     
   347.100006       0.0000000000000000     
   347.200012       1.8033175418961854E-006
   347.299988       0.0000000000000000     
   347.399994       0.0000000000000000     
   347.500000       0.0000000000000000     
   347.600006       0.0000000000000000     
   347.700012       0.0000000000000000     
   347.799988       0.0000000000000000     
   347.899994       0.0000000000000000     
   348.000000       1.8012439743637899E-006
   348.100006       0.0000000000000000     
   348.200012       1.8007266494507572E-006
   348.299988       0.0000000000000000     
   348.399994       1.8002096216082253E-006
   348.500000       0.0000000000000000     
   348.600006       0.0000000000000000     
   348.700012       0.0000000000000000     
   348.799988       0.0000000000000000     
   348.899994       0.0000000000000000     
   349.000000       0.0000000000000000     
   349.100006       1.7984041956378108E-006
   349.200012       0.0000000000000000     
   349.299988       0.0000000000000000     
   349.399994       1.7976320475845771E-006
   349.500000       0.0000000000000000     
   349.600006       0.0000000000000000     
   349.700012       0.0000000000000000     
   349.799988       0.0000000000000000     
   349.899994       0.0000000000000000     
   350.000000       0.0000000000000000     
   350.100006       0.0000000000000000     
   350.200012       0.0000000000000000     
   350.299988       0.0000000000000000     
   350.399994       0.0000000000000000     
   350.500000       0.0000000000000000     
   350.600006       0.0000000000000000     
   350.700012       0.0000000000000000     
   350.799988       0.0000000000000000     
   350.899994       0.0000000000000000     
   351.000000       0.0000000000000000     
   351.100006       0.0000000000000000     
   351.200012       0.0000000000000000     
   351.299988       0.0000000000000000     
   351.399994       0.0000000000000000     
   351.500000       0.0000000000000000     
   351.600006       0.0000000000000000     
   351.700012       0.0000000000000000     
   351.799988       0.0000000000000000     
   351.899994       0.0000000000000000     
   352.000000       0.0000000000000000     
   352.100006       0.0000000000000000     
   352.200012       0.0000000000000000     
   352.299988       0.0000000000000000     
   352.399994       0.0000000000000000     
   352.500000       0.0000000000000000     
   352.600006       0.0000000000000000     
   352.700012       0.0000000000000000     
   352.799988       0.0000000000000000     
   352.899994       0.0000000000000000     
   353.000000       0.0000000000000000     
   353.100006       0.0000000000000000     
   353.200012       1.7879371321330978E-006
   353.299988       0.0000000000000000     
   353.399994       0.0000000000000000     
   353.500000       0.0000000000000000     
   353.600006       0.0000000000000000     
   353.700012       0.0000000000000000     
   353.799988       0.0000000000000000     
   353.899994       0.0000000000000000     
   354.000000       0.0000000000000000     
   354.100006       1.7856639995199843E-006
   354.200012       0.0000000000000000     
   354.299988       0.0000000000000000     
   354.399994       0.0000000000000000     
   354.500000       0.0000000000000000     
   354.600006       0.0000000000000000     
   354.700012       0.0000000000000000     
   354.799988       1.7839017054883877E-006
   354.899994       0.0000000000000000     
   355.000000       0.0000000000000000     
   355.100006       0.0000000000000000     
   355.200012       0.0000000000000000     
   355.299988       1.7826463405708854E-006
   355.399994       1.7823954795792406E-006
   355.500000       0.0000000000000000     
   355.600006       0.0000000000000000     
   355.700012       0.0000000000000000     
   355.799988       0.0000000000000000     
   355.899994       1.7811431332757408E-006
   356.000000       0.0000000000000000     
   356.100006       1.7806430473048625E-006
   356.200012       0.0000000000000000     
   356.299988       1.7801432420703019E-006
   356.399994       1.7798934446552766E-006
   356.500000       0.0000000000000000     
   356.600006       0.0000000000000000     
   356.700012       0.0000000000000000     
   356.799988       0.0000000000000000     
   356.899994       0.0000000000000000     
   357.000000       1.7783973877238478E-006
   357.100006       0.0000000000000000     
   357.200012       0.0000000000000000     
   357.299988       0.0000000000000000     
   357.399994       0.0000000000000000     
   357.500000       0.0000000000000000     
   357.600006       0.0000000000000000     
   357.700012       0.0000000000000000     
   357.799988       1.7764084634554197E-006
   357.899994       0.0000000000000000     
   358.000000       0.0000000000000000     
   358.100006       0.0000000000000000     
   358.200012       0.0000000000000000     
   358.299988       0.0000000000000000     
   358.399994       0.0000000000000000     
   358.500000       0.0000000000000000     
   358.600006       1.7744261274996909E-006
   358.700012       0.0000000000000000     
   358.799988       0.0000000000000000     
   358.899994       0.0000000000000000     
   359.000000       0.0000000000000000     
   359.100006       0.0000000000000000     
   359.200012       0.0000000000000000     
   359.299988       0.0000000000000000     
   359.399994       0.0000000000000000     
   359.500000       0.0000000000000000     
   359.600006       1.7719576283769489E-006
   359.700012       0.0000000000000000     
   359.799988       0.0000000000000000     
   359.899994       0.0000000000000000     
   360.000000       0.0000000000000000     
   360.100006       0.0000000000000000     
   360.200012       0.0000000000000000     
   360.299988       0.0000000000000000     
   360.399994       0.0000000000000000     
   360.500000       0.0000000000000000     
   360.600006       0.0000000000000000     
   360.700012       0.0000000000000000     
   360.799988       0.0000000000000000     
   360.899994       0.0000000000000000     
   361.000000       0.0000000000000000     
   361.100006       0.0000000000000000     
   361.200012       1.7680290613683663E-006
   361.299988       0.0000000000000000     
   361.399994       0.0000000000000000     
   361.500000       0.0000000000000000     
   361.600006       1.7670511021022473E-006
   361.700012       0.0000000000000000     
   361.799988       0.0000000000000000     
   361.899994       0.0000000000000000     
   362.000000       0.0000000000000000     
   362.100006       0.0000000000000000     
   362.200012       0.0000000000000000     
   362.299988       0.0000000000000000     
   362.399994       0.0000000000000000     
   362.500000       0.0000000000000000     
   362.600006       0.0000000000000000     
   362.700012       0.0000000000000000     
   362.799988       1.7641267078002805E-006
   362.899994       0.0000000000000000     
   363.000000       0.0000000000000000     
   363.100006       0.0000000000000000     
   363.200012       0.0000000000000000     
   363.299988       0.0000000000000000     
   363.399994       0.0000000000000000     
   363.500000       0.0000000000000000     
   363.600006       0.0000000000000000     
   363.700012       0.0000000000000000     
   363.799988       3.5234017088856283E-006
   363.899994       0.0000000000000000     
   364.000000       0.0000000000000000     
   364.100006       0.0000000000000000     
   364.200012       0.0000000000000000     
   364.299988       0.0000000000000000     
   364.399994       1.7602499842630909E-006
   364.500000       0.0000000000000000     
   364.600006       0.0000000000000000     
   364.700012       0.0000000000000000     
   364.799988       0.0000000000000000     
   364.899994       0.0000000000000000     
   365.000000       0.0000000000000000     
   365.100006       0.0000000000000000     
   365.200012       0.0000000000000000     
   365.299988       0.0000000000000000     
   365.399994       0.0000000000000000     
   365.500000       0.0000000000000000     
   365.600006       0.0000000000000000     
   365.700012       0.0000000000000000     
   365.799988       0.0000000000000000     
   365.899994       0.0000000000000000     
   366.000000       0.0000000000000000     
   366.100006       0.0000000000000000     
   366.200012       0.0000000000000000     
   366.299988       0.0000000000000000     
   366.399994       0.0000000000000000     
   366.500000       0.0000000000000000     
   366.600006       0.0000000000000000     
   366.700012       0.0000000000000000     
   366.799988       0.0000000000000000     
   366.899994       0.0000000000000000     
   367.000000       0.0000000000000000     
   367.100006       0.0000000000000000     
   367.200012       1.7535268482405305E-006
   367.299988       0.0000000000000000     
   367.399994       0.0000000000000000     
   367.500000       0.0000000000000000     
   367.600006       0.0000000000000000     
   367.700012       0.0000000000000000     
   367.799988       0.0000000000000000     
   367.899994       0.0000000000000000     
   368.000000       0.0000000000000000     
   368.100006       0.0000000000000000     
   368.200012       0.0000000000000000     
   368.299988       0.0000000000000000     
   368.399994       0.0000000000000000     
   368.500000       0.0000000000000000     
   368.600006       0.0000000000000000     
   368.700012       0.0000000000000000     
   368.799988       0.0000000000000000     
   368.899994       0.0000000000000000     
   369.000000       0.0000000000000000     
   369.100006       0.0000000000000000     
   369.200012       0.0000000000000000     
   369.299988       0.0000000000000000     
   369.399994       1.7482981367523614E-006
   369.500000       0.0000000000000000     
   369.600006       0.0000000000000000     
   369.700012       0.0000000000000000     
   369.799988       0.0000000000000000     
   369.899994       0.0000000000000000     
   370.000000       1.7468803347041961E-006
   370.100006       0.0000000000000000     
   370.200012       0.0000000000000000     
   370.299988       0.0000000000000000     
   370.399994       1.7459368715684731E-006
   370.500000       0.0000000000000000     
   370.600006       0.0000000000000000     
   370.700012       0.0000000000000000     
   370.799988       0.0000000000000000     
   370.899994       0.0000000000000000     
   371.000000       1.7445247953041653E-006
   371.100006       0.0000000000000000     
   371.200012       0.0000000000000000     
   371.299988       0.0000000000000000     
   371.399994       1.7435850820203705E-006
   371.500000       0.0000000000000000     
   371.600006       0.0000000000000000     
   371.700012       0.0000000000000000     
   371.799988       0.0000000000000000     
   371.899994       0.0000000000000000     
   372.000000       0.0000000000000000     
   372.100006       0.0000000000000000     
   372.200012       1.7417105833286627E-006
   372.299988       0.0000000000000000     
   372.399994       0.0000000000000000     
   372.500000       0.0000000000000000     
   372.600006       1.7407756185908116E-006
   372.700012       0.0000000000000000     
   372.799988       0.0000000000000000     
   372.899994       0.0000000000000000     
   373.000000       0.0000000000000000     
   373.100006       0.0000000000000000     
   373.200012       0.0000000000000000     
   373.299988       0.0000000000000000     
   373.399994       0.0000000000000000     
   373.500000       0.0000000000000000     
   373.600006       0.0000000000000000     
   373.700012       0.0000000000000000     
   373.799988       0.0000000000000000     
   373.899994       0.0000000000000000     
   374.000000       0.0000000000000000     
   374.100006       0.0000000000000000     
   374.200012       0.0000000000000000     
   374.299988       0.0000000000000000     
   374.399994       0.0000000000000000     
   374.500000       0.0000000000000000     
   374.600006       0.0000000000000000     
   374.700012       0.0000000000000000     
   374.799988       0.0000000000000000     
   374.899994       0.0000000000000000     
   375.000000       0.0000000000000000     
   375.100006       0.0000000000000000     
   375.200012       0.0000000000000000     
   375.299988       0.0000000000000000     
   375.399994       0.0000000000000000     
   375.500000       0.0000000000000000     
   375.600006       0.0000000000000000     
   375.700012       0.0000000000000000     
   375.799988       0.0000000000000000     
   375.899994       0.0000000000000000     
   376.000000       0.0000000000000000     
   376.100006       0.0000000000000000     
   376.200012       0.0000000000000000     
   376.299988       0.0000000000000000     
   376.399994       0.0000000000000000     
   376.500000       0.0000000000000000     
   376.600006       0.0000000000000000     
   376.700012       0.0000000000000000     
   376.799988       0.0000000000000000     
   376.899994       0.0000000000000000     
   377.000000       0.0000000000000000     
   377.100006       0.0000000000000000     
   377.200012       0.0000000000000000     
   377.299988       0.0000000000000000     
   377.399994       0.0000000000000000     
   377.500000       0.0000000000000000     
   377.600006       0.0000000000000000     
   377.700012       0.0000000000000000     
   377.799988       0.0000000000000000     
   377.899994       0.0000000000000000     
   378.000000       0.0000000000000000     
   378.100006       1.7280698391442450E-006
   378.200012       0.0000000000000000     
   378.299988       0.0000000000000000     
   378.399994       0.0000000000000000     
   378.500000       0.0000000000000000     
   378.600006       0.0000000000000000     
   378.700012       0.0000000000000000     
   378.799988       1.7264726309812836E-006
   378.899994       0.0000000000000000     
   379.000000       0.0000000000000000     
   379.100006       0.0000000000000000     
   379.200012       0.0000000000000000     
   379.299988       0.0000000000000000     
   379.399994       0.0000000000000000     
   379.500000       0.0000000000000000     
   379.600006       0.0000000000000000     
   379.700012       0.0000000000000000     
   379.799988       0.0000000000000000     
   379.899994       0.0000000000000000     
   380.000000       0.0000000000000000     
   380.100006       0.0000000000000000     
   380.200012       0.0000000000000000     
   380.299988       0.0000000000000000     
   380.399994       0.0000000000000000     
   380.500000       0.0000000000000000     
   380.600006       0.0000000000000000     
   380.700012       0.0000000000000000     
   380.799988       0.0000000000000000     
   380.899994       0.0000000000000000     
   381.000000       0.0000000000000000     
   381.100006       0.0000000000000000     
   381.200012       0.0000000000000000     
   381.299988       0.0000000000000000     
   381.399994       0.0000000000000000     
   381.500000       0.0000000000000000     
   381.600006       0.0000000000000000     
   381.700012       0.0000000000000000     
   381.799988       0.0000000000000000     
   381.899994       0.0000000000000000     
   382.000000       0.0000000000000000     
   382.100006       0.0000000000000000     
   382.200012       0.0000000000000000     
   382.299988       0.0000000000000000     
   382.399994       0.0000000000000000     
   382.500000       0.0000000000000000     
   382.600006       1.7178786738975389E-006
   382.700012       0.0000000000000000     
   382.799988       0.0000000000000000     
   382.899994       0.0000000000000000     
   383.000000       0.0000000000000000     
   383.100006       0.0000000000000000     
   383.200012       0.0000000000000000     
   383.299988       0.0000000000000000     
   383.399994       0.0000000000000000     
   383.500000       0.0000000000000000     
   383.600006       0.0000000000000000     
   383.700012       1.7154147312551527E-006
   383.799988       0.0000000000000000     
   383.899994       0.0000000000000000     
   384.000000       0.0000000000000000     
   384.100006       0.0000000000000000     
   384.200012       0.0000000000000000     
   384.299988       0.0000000000000000     
   384.399994       1.7138523238199276E-006
   384.500000       0.0000000000000000     
   384.600006       0.0000000000000000     
   384.700012       0.0000000000000000     
   384.799988       0.0000000000000000     
   384.899994       0.0000000000000000     
   385.000000       0.0000000000000000     
   385.100006       0.0000000000000000     
   385.200012       0.0000000000000000     
   385.299988       0.0000000000000000     
   385.399994       0.0000000000000000     
   385.500000       0.0000000000000000     
   385.600006       0.0000000000000000     
   385.700012       0.0000000000000000     
   385.799988       0.0000000000000000     
   385.899994       0.0000000000000000     
   386.000000       0.0000000000000000     
   386.100006       0.0000000000000000     
   386.200012       0.0000000000000000     
   386.299988       0.0000000000000000     
   386.399994       0.0000000000000000     
   386.500000       0.0000000000000000     
   386.600006       0.0000000000000000     
   386.700012       0.0000000000000000     
   386.799988       0.0000000000000000     
   386.899994       0.0000000000000000     
   387.000000       0.0000000000000000     
   387.100006       0.0000000000000000     
   387.200012       0.0000000000000000     
   387.299988       0.0000000000000000     
   387.399994       0.0000000000000000     
   387.500000       0.0000000000000000     
   387.600006       0.0000000000000000     
   387.700012       0.0000000000000000     
   387.799988       0.0000000000000000     
   387.899994       0.0000000000000000     
   388.000000       0.0000000000000000     
   388.100006       0.0000000000000000     
   388.200012       0.0000000000000000     
   388.299988       0.0000000000000000     
   388.399994       0.0000000000000000     
   388.500000       0.0000000000000000     
   388.600006       0.0000000000000000     
   388.700012       0.0000000000000000     
   388.799988       0.0000000000000000     
   388.899994       0.0000000000000000     
   389.000000       0.0000000000000000     
   389.100006       0.0000000000000000     
   389.200012       0.0000000000000000     
   389.299988       0.0000000000000000     
   389.399994       0.0000000000000000     
   389.500000       0.0000000000000000     
   389.600006       0.0000000000000000     
   389.700012       0.0000000000000000     
   389.799988       0.0000000000000000     
   389.899994       0.0000000000000000     
   390.000000       0.0000000000000000     
   390.100006       0.0000000000000000     
   390.200012       0.0000000000000000     
   390.299988       0.0000000000000000     
   390.399994       0.0000000000000000     
   390.500000       0.0000000000000000     
   390.600006       0.0000000000000000     
   390.700012       0.0000000000000000     
   390.799988       0.0000000000000000     
   390.899994       0.0000000000000000     
   391.000000       0.0000000000000000     
   391.100006       0.0000000000000000     
   391.200012       0.0000000000000000     
   391.299988       0.0000000000000000     
   391.399994       0.0000000000000000     
   391.500000       0.0000000000000000     
   391.600006       0.0000000000000000     
   391.700012       0.0000000000000000     
   391.799988       0.0000000000000000     
   391.899994       0.0000000000000000     
   392.000000       0.0000000000000000     
   392.100006       0.0000000000000000     
   392.200012       0.0000000000000000     
   392.299988       0.0000000000000000     
   392.399994       0.0000000000000000     
   392.500000       0.0000000000000000     
   392.600006       0.0000000000000000     
   392.700012       0.0000000000000000     
   392.799988       0.0000000000000000     
   392.899994       0.0000000000000000     
   393.000000       0.0000000000000000     
   393.100006       0.0000000000000000     
   393.200012       0.0000000000000000     
   393.299988       1.6943524555174304E-006
   393.399994       0.0000000000000000     
   393.500000       0.0000000000000000     
   393.600006       0.0000000000000000     
   393.700012       0.0000000000000000     
   393.799988       0.0000000000000000     
   393.899994       0.0000000000000000     
   394.000000       0.0000000000000000     
   394.100006       0.0000000000000000     
   394.200012       0.0000000000000000     
   394.299988       0.0000000000000000     
   394.399994       0.0000000000000000     
   394.500000       0.0000000000000000     
   394.600006       0.0000000000000000     
   394.700012       0.0000000000000000     
   394.799988       0.0000000000000000     
   394.899994       0.0000000000000000     
   395.000000       0.0000000000000000     
   395.100006       0.0000000000000000     
   395.200012       1.6902751113479658E-006
   395.299988       0.0000000000000000     
   395.399994       0.0000000000000000     
   395.500000       0.0000000000000000     
   395.600006       0.0000000000000000     
   395.700012       1.6892069710158387E-006
   395.799988       0.0000000000000000     
   395.899994       0.0000000000000000     
   396.000000       0.0000000000000000     
   396.100006       0.0000000000000000     
   396.200012       0.0000000000000000     
   396.299988       0.0000000000000000     
   396.399994       0.0000000000000000     
   396.500000       0.0000000000000000     
   396.600006       0.0000000000000000     
   396.700012       0.0000000000000000     
   396.799988       0.0000000000000000     
   396.899994       0.0000000000000000     
   397.000000       0.0000000000000000     
   397.100006       0.0000000000000000     
   397.200012       0.0000000000000000     
   397.299988       0.0000000000000000     
   397.399994       0.0000000000000000     
   397.500000       0.0000000000000000     
   397.600006       0.0000000000000000     
   397.700012       0.0000000000000000     
   397.799988       0.0000000000000000     
   397.899994       0.0000000000000000     
   398.000000       0.0000000000000000     
   398.100006       0.0000000000000000     
   398.200012       1.6838967555463344E-006
   398.299988       0.0000000000000000     
   398.399994       0.0000000000000000     
   398.500000       0.0000000000000000     
   398.600006       0.0000000000000000     
   398.700012       0.0000000000000000     
   398.799988       0.0000000000000000     
   398.899994       0.0000000000000000     
   399.000000       0.0000000000000000     
   399.100006       0.0000000000000000     
   399.200012       0.0000000000000000     
   399.299988       0.0000000000000000     
   399.399994       0.0000000000000000     
   399.500000       0.0000000000000000     
   399.600006       0.0000000000000000     
   399.700012       0.0000000000000000     
   399.799988       0.0000000000000000     
   399.899994       0.0000000000000000     
   400.000000       0.0000000000000000     
   400.100006       0.0000000000000000     
   400.200012       0.0000000000000000     
   400.299988       0.0000000000000000     
   400.399994       0.0000000000000000     
   400.500000       0.0000000000000000     
   400.600006       0.0000000000000000     
   400.700012       0.0000000000000000     
   400.799988       0.0000000000000000     
   400.899994       0.0000000000000000     
   401.000000       0.0000000000000000     
   401.100006       1.6777991210821325E-006
   401.200012       1.6775899979004185E-006
   401.299988       0.0000000000000000     
   401.399994       0.0000000000000000     
   401.500000       0.0000000000000000     
   401.600006       0.0000000000000000     
   401.700012       0.0000000000000000     
   401.799988       0.0000000000000000     
   401.899994       1.6761285507770239E-006
   402.000000       0.0000000000000000     
   402.100006       0.0000000000000000     
   402.200012       0.0000000000000000     
   402.299988       0.0000000000000000     
   402.399994       0.0000000000000000     
   402.500000       0.0000000000000000     
   402.600006       0.0000000000000000     
   402.700012       0.0000000000000000     
   402.799988       0.0000000000000000     
   402.899994       0.0000000000000000     
   403.000000       0.0000000000000000     
   403.100006       0.0000000000000000     
   403.200012       0.0000000000000000     
   403.299988       0.0000000000000000     
   403.399994       0.0000000000000000     
   403.500000       0.0000000000000000     
   403.600006       0.0000000000000000     
   403.700012       0.0000000000000000     
   403.799988       0.0000000000000000     
   403.899994       0.0000000000000000     
   404.000000       0.0000000000000000     
   404.100006       0.0000000000000000     
   404.200012       0.0000000000000000     
   404.299988       0.0000000000000000     
   404.399994       0.0000000000000000     
   404.500000       1.6707337434056598E-006
   404.600006       0.0000000000000000     
   404.700012       0.0000000000000000     
   404.799988       0.0000000000000000     
   404.899994       0.0000000000000000     
   405.000000       0.0000000000000000     
   405.100006       0.0000000000000000     
   405.200012       0.0000000000000000     
   405.299988       0.0000000000000000     
   405.399994       0.0000000000000000     
   405.500000       0.0000000000000000     
   405.600006       0.0000000000000000     
   405.700012       0.0000000000000000     
   405.799988       0.0000000000000000     
   405.899994       0.0000000000000000     
   406.000000       0.0000000000000000     
   406.100006       0.0000000000000000     
   406.200012       0.0000000000000000     
   406.299988       0.0000000000000000     
   406.399994       0.0000000000000000     
   406.500000       0.0000000000000000     
   406.600006       0.0000000000000000     
   406.700012       0.0000000000000000     
   406.799988       0.0000000000000000     
   406.899994       0.0000000000000000     
   407.000000       0.0000000000000000     
   407.100006       0.0000000000000000     
   407.200012       0.0000000000000000     
   407.299988       0.0000000000000000     
   407.399994       0.0000000000000000     
   407.500000       0.0000000000000000     
   407.600006       0.0000000000000000     
   407.700012       0.0000000000000000     
   407.799988       0.0000000000000000     
   407.899994       0.0000000000000000     
   408.000000       0.0000000000000000     
   408.100006       0.0000000000000000     
   408.200012       0.0000000000000000     
   408.299988       0.0000000000000000     
   408.399994       0.0000000000000000     
   408.500000       0.0000000000000000     
   408.600006       0.0000000000000000     
   408.700012       0.0000000000000000     
   408.799988       0.0000000000000000     
   408.899994       0.0000000000000000     
   409.000000       0.0000000000000000     
   409.100006       0.0000000000000000     
   409.200012       0.0000000000000000     
   409.299988       0.0000000000000000     
   409.399994       0.0000000000000000     
   409.500000       0.0000000000000000     
   409.600006       0.0000000000000000     
   409.700012       0.0000000000000000     
   409.799988       0.0000000000000000     
   409.899994       0.0000000000000000     
   410.000000       0.0000000000000000     
   410.100006       0.0000000000000000     
   410.200012       0.0000000000000000     
   410.299988       0.0000000000000000     
   410.399994       0.0000000000000000     
   410.500000       0.0000000000000000     
   410.600006       0.0000000000000000     
   410.700012       1.6580765028278459E-006
   410.799988       0.0000000000000000     
   410.899994       0.0000000000000000     
   411.000000       0.0000000000000000     
   411.100006       0.0000000000000000     
   411.200012       0.0000000000000000     
   411.299988       0.0000000000000000     
   411.399994       0.0000000000000000     
   411.500000       0.0000000000000000     
   411.600006       0.0000000000000000     
   411.700012       0.0000000000000000     
   411.799988       0.0000000000000000     
   411.899994       0.0000000000000000     
   412.000000       0.0000000000000000     
   412.100006       0.0000000000000000     
   412.200012       0.0000000000000000     
   412.299988       0.0000000000000000     
   412.399994       0.0000000000000000     
   412.500000       0.0000000000000000     
   412.600006       0.0000000000000000     
   412.700012       0.0000000000000000     
   412.799988       0.0000000000000000     
   412.899994       0.0000000000000000     
   413.000000       0.0000000000000000     
   413.100006       0.0000000000000000     
   413.200012       0.0000000000000000     
   413.299988       0.0000000000000000     
   413.399994       0.0000000000000000     
   413.500000       0.0000000000000000     
   413.600006       0.0000000000000000     
   413.700012       0.0000000000000000     
   413.799988       0.0000000000000000     
   413.899994       0.0000000000000000     
   414.000000       0.0000000000000000     
   414.100006       0.0000000000000000     
   414.200012       0.0000000000000000     
   414.299988       0.0000000000000000     
   414.399994       0.0000000000000000     
   414.500000       0.0000000000000000     
   414.600006       0.0000000000000000     
   414.700012       1.6500615576705774E-006
   414.799988       0.0000000000000000     
   414.899994       0.0000000000000000     
   415.000000       0.0000000000000000     
   415.100006       0.0000000000000000     
   415.200012       0.0000000000000000     
   415.299988       0.0000000000000000     
   415.399994       0.0000000000000000     
   415.500000       0.0000000000000000     
   415.600006       0.0000000000000000     
   415.700012       0.0000000000000000     
   415.799988       0.0000000000000000     
   415.899994       0.0000000000000000     
   416.000000       1.6474817117874979E-006
   416.100006       0.0000000000000000     
   416.200012       0.0000000000000000     
   416.299988       0.0000000000000000     
   416.399994       0.0000000000000000     
   416.500000       0.0000000000000000     
   416.600006       0.0000000000000000     
   416.700012       0.0000000000000000     
   416.799988       1.6459000007510899E-006
   416.899994       0.0000000000000000     
   417.000000       0.0000000000000000     
   417.100006       0.0000000000000000     
   417.200012       0.0000000000000000     
   417.299988       0.0000000000000000     
   417.399994       0.0000000000000000     
   417.500000       0.0000000000000000     
   417.600006       0.0000000000000000     
   417.700012       0.0000000000000000     
   417.799988       0.0000000000000000     
   417.899994       0.0000000000000000     
   418.000000       0.0000000000000000     
   418.100006       0.0000000000000000     
   418.200012       0.0000000000000000     
   418.299988       0.0000000000000000     
   418.399994       0.0000000000000000     
   418.500000       0.0000000000000000     
   418.600006       0.0000000000000000     
   418.700012       1.6421616849450364E-006
   418.799988       0.0000000000000000     
   418.899994       0.0000000000000000     
   419.000000       0.0000000000000000     
   419.100006       0.0000000000000000     
   419.200012       0.0000000000000000     
   419.299988       0.0000000000000000     
   419.399994       0.0000000000000000     
   419.500000       0.0000000000000000     
   419.600006       0.0000000000000000     
   419.700012       0.0000000000000000     
   419.799988       0.0000000000000000     
   419.899994       0.0000000000000000     
   420.000000       0.0000000000000000     
   420.100006       0.0000000000000000     
   420.200012       0.0000000000000000     
   420.299988       0.0000000000000000     
   420.399994       0.0000000000000000     
   420.500000       0.0000000000000000     
   420.600006       0.0000000000000000     
   420.700012       0.0000000000000000     
   420.799988       0.0000000000000000     
   420.899994       0.0000000000000000     
   421.000000       0.0000000000000000     
   421.100006       0.0000000000000000     
   421.200012       0.0000000000000000     
   421.299988       0.0000000000000000     
   421.399994       0.0000000000000000     
   421.500000       0.0000000000000000     
   421.600006       0.0000000000000000     
   421.700012       0.0000000000000000     
   421.799988       0.0000000000000000     
   421.899994       0.0000000000000000     
   422.000000       0.0000000000000000     
   422.100006       0.0000000000000000     
   422.200012       0.0000000000000000     
   422.299988       0.0000000000000000     
   422.399994       0.0000000000000000     
   422.500000       0.0000000000000000     
   422.600006       0.0000000000000000     
   422.700012       0.0000000000000000     
   422.799988       0.0000000000000000     
   422.899994       1.6339878665173416E-006
   423.000000       0.0000000000000000     
   423.100006       0.0000000000000000     
   423.200012       0.0000000000000000     
   423.299988       0.0000000000000000     
   423.399994       0.0000000000000000     
   423.500000       0.0000000000000000     
   423.600006       0.0000000000000000     
   423.700012       0.0000000000000000     
   423.799988       0.0000000000000000     
   423.899994       1.6320596449690037E-006
   424.000000       0.0000000000000000     
   424.100006       0.0000000000000000     
   424.200012       0.0000000000000000     
   424.299988       0.0000000000000000     
   424.399994       0.0000000000000000     
   424.500000       0.0000000000000000     
   424.600006       0.0000000000000000     
   424.700012       0.0000000000000000     
   424.799988       0.0000000000000000     
   424.899994       0.0000000000000000     
   425.000000       0.0000000000000000     
   425.100006       0.0000000000000000     
   425.200012       0.0000000000000000     
   425.299988       0.0000000000000000     
   425.399994       0.0000000000000000     
   425.500000       0.0000000000000000     
   425.600006       1.6287972566067917E-006
   425.700012       0.0000000000000000     
   425.799988       0.0000000000000000     
   425.899994       0.0000000000000000     
   426.000000       0.0000000000000000     
   426.100006       0.0000000000000000     
   426.200012       1.6276504851271925E-006
   426.299988       0.0000000000000000     
   426.399994       0.0000000000000000     
   426.500000       0.0000000000000000     
   426.600006       0.0000000000000000     
   426.700012       0.0000000000000000     
   426.799988       0.0000000000000000     
   426.899994       0.0000000000000000     
   427.000000       0.0000000000000000     
   427.100006       0.0000000000000000     
   427.200012       0.0000000000000000     
   427.299988       0.0000000000000000     
   427.399994       0.0000000000000000     
   427.500000       0.0000000000000000     
   427.600006       0.0000000000000000     
   427.700012       0.0000000000000000     
   427.799988       0.0000000000000000     
   427.899994       0.0000000000000000     
   428.000000       0.0000000000000000     
   428.100006       0.0000000000000000     
   428.200012       0.0000000000000000     
   428.299988       0.0000000000000000     
   428.399994       0.0000000000000000     
   428.500000       0.0000000000000000     
   428.600006       0.0000000000000000     
   428.700012       0.0000000000000000     
   428.799988       0.0000000000000000     
   428.899994       0.0000000000000000     
   429.000000       0.0000000000000000     
   429.100006       0.0000000000000000     
   429.200012       0.0000000000000000     
   429.299988       0.0000000000000000     
   429.399994       0.0000000000000000     
   429.500000       0.0000000000000000     
   429.600006       0.0000000000000000     
   429.700012       0.0000000000000000     
   429.799988       0.0000000000000000     
   429.899994       0.0000000000000000     
   430.000000       0.0000000000000000     
   430.100006       0.0000000000000000     
   430.200012       0.0000000000000000     
   430.299988       0.0000000000000000     
   430.399994       0.0000000000000000     
   430.500000       0.0000000000000000     
   430.600006       0.0000000000000000     
   430.700012       0.0000000000000000     
   430.799988       0.0000000000000000     
   430.899994       0.0000000000000000     
   431.000000       0.0000000000000000     
   431.100006       0.0000000000000000     
   431.200012       0.0000000000000000     
   431.299988       1.6179997577574197E-006
   431.399994       0.0000000000000000     
   431.500000       0.0000000000000000     
   431.600006       0.0000000000000000     
   431.700012       0.0000000000000000     
   431.799988       0.0000000000000000     
   431.899994       0.0000000000000000     
   432.000000       0.0000000000000000     
   432.100006       0.0000000000000000     
   432.200012       0.0000000000000000     
   432.299988       0.0000000000000000     
   432.399994       0.0000000000000000     
   432.500000       0.0000000000000000     
   432.600006       0.0000000000000000     
   432.700012       0.0000000000000000     
   432.799988       0.0000000000000000     
   432.899994       0.0000000000000000     
   433.000000       0.0000000000000000     
   433.100006       1.6146343421762570E-006
   433.200012       0.0000000000000000     
   433.299988       0.0000000000000000     
   433.399994       0.0000000000000000     
   433.500000       0.0000000000000000     
   433.600006       0.0000000000000000     
   433.700012       0.0000000000000000     
   433.799988       0.0000000000000000     
   433.899994       0.0000000000000000     
   434.000000       0.0000000000000000     
   434.100006       0.0000000000000000     
   434.200012       0.0000000000000000     
   434.299988       0.0000000000000000     
   434.399994       0.0000000000000000     
   434.500000       0.0000000000000000     
   434.600006       0.0000000000000000     
   434.700012       0.0000000000000000     
   434.799988       1.6114750782437845E-006
   434.899994       0.0000000000000000     
   435.000000       0.0000000000000000     
   435.100006       0.0000000000000000     
   435.200012       0.0000000000000000     
   435.299988       0.0000000000000000     
   435.399994       0.0000000000000000     
   435.500000       0.0000000000000000     
   435.600006       0.0000000000000000     
   435.700012       0.0000000000000000     
   435.799988       0.0000000000000000     
   435.899994       0.0000000000000000     
   436.000000       0.0000000000000000     
   436.100006       0.0000000000000000     
   436.200012       0.0000000000000000     
   436.299988       0.0000000000000000     
   436.399994       0.0000000000000000     
   436.500000       0.0000000000000000     
   436.600006       0.0000000000000000     
   436.700012       0.0000000000000000     
   436.799988       0.0000000000000000     
   436.899994       0.0000000000000000     
   437.000000       0.0000000000000000     
   437.100006       0.0000000000000000     
   437.200012       0.0000000000000000     
   437.299988       0.0000000000000000     
   437.399994       0.0000000000000000     
   437.500000       0.0000000000000000     
   437.600006       0.0000000000000000     
   437.700012       0.0000000000000000     
   437.799988       0.0000000000000000     
   437.899994       0.0000000000000000     
   438.000000       0.0000000000000000     
   438.100006       1.6053950509102283E-006
   438.200012       0.0000000000000000     
   438.299988       0.0000000000000000     
   438.399994       0.0000000000000000     
   438.500000       0.0000000000000000     
   438.600006       0.0000000000000000     
   438.700012       0.0000000000000000     
   438.799988       0.0000000000000000     
   438.899994       0.0000000000000000     
   439.000000       0.0000000000000000     
   439.100006       0.0000000000000000     
   439.200012       0.0000000000000000     
   439.299988       0.0000000000000000     
   439.399994       0.0000000000000000     
   439.500000       0.0000000000000000     
   439.600006       0.0000000000000000     
   439.700012       0.0000000000000000     
   439.799988       0.0000000000000000     
   439.899994       0.0000000000000000     
   440.000000       0.0000000000000000     
   440.100006       0.0000000000000000     
   440.200012       0.0000000000000000     
   440.299988       1.6013797870791883E-006
   440.399994       0.0000000000000000     
   440.500000       0.0000000000000000     
   440.600006       0.0000000000000000     
   440.700012       0.0000000000000000     
   440.799988       0.0000000000000000     
   440.899994       0.0000000000000000     
   441.000000       0.0000000000000000     
   441.100006       0.0000000000000000     
   441.200012       0.0000000000000000     
   441.299988       0.0000000000000000     
   441.399994       0.0000000000000000     
   441.500000       0.0000000000000000     
   441.600006       0.0000000000000000     
   441.700012       0.0000000000000000     
   441.799988       0.0000000000000000     
   441.899994       0.0000000000000000     
   442.000000       0.0000000000000000     
   442.100006       0.0000000000000000     
   442.200012       0.0000000000000000     
   442.299988       0.0000000000000000     
   442.399994       0.0000000000000000     
   442.500000       0.0000000000000000     
   442.600006       0.0000000000000000     
   442.700012       0.0000000000000000     
   442.799988       0.0000000000000000     
   442.899994       1.5966730405950865E-006
   443.000000       0.0000000000000000     
   443.100006       0.0000000000000000     
   443.200012       1.5961326241266653E-006
   443.299988       0.0000000000000000     
   443.399994       0.0000000000000000     
   443.500000       0.0000000000000000     
   443.600006       0.0000000000000000     
   443.700012       0.0000000000000000     
   443.799988       0.0000000000000000     
   443.899994       0.0000000000000000     
   444.000000       0.0000000000000000     
   444.100006       0.0000000000000000     
   444.200012       0.0000000000000000     
   444.299988       0.0000000000000000     
   444.399994       0.0000000000000000     
   444.500000       0.0000000000000000     
   444.600006       0.0000000000000000     
   444.700012       0.0000000000000000     
   444.799988       0.0000000000000000     
   444.899994       0.0000000000000000     
   445.000000       0.0000000000000000     
   445.100006       0.0000000000000000     
   445.200012       0.0000000000000000     
   445.299988       0.0000000000000000     
   445.399994       0.0000000000000000     
   445.500000       0.0000000000000000     
   445.600006       0.0000000000000000     
   445.700012       0.0000000000000000     
   445.799988       0.0000000000000000     
   445.899994       0.0000000000000000     
   446.000000       0.0000000000000000     
   446.100006       0.0000000000000000     
   446.200012       0.0000000000000000     
   446.299988       0.0000000000000000     
   446.399994       0.0000000000000000     
   446.500000       0.0000000000000000     
   446.600006       0.0000000000000000     
   446.700012       0.0000000000000000     
   446.799988       0.0000000000000000     
   446.899994       0.0000000000000000     
   447.000000       0.0000000000000000     
   447.100006       1.5891566948031477E-006
   447.200012       0.0000000000000000     
   447.299988       0.0000000000000000     
   447.399994       0.0000000000000000     
   447.500000       0.0000000000000000     
   447.600006       0.0000000000000000     
   447.700012       0.0000000000000000     
   447.799988       0.0000000000000000     
   447.899994       0.0000000000000000     
   448.000000       0.0000000000000000     
   448.100006       0.0000000000000000     
   448.200012       0.0000000000000000     
   448.299988       0.0000000000000000     
   448.399994       0.0000000000000000     
   448.500000       0.0000000000000000     
   448.600006       0.0000000000000000     
   448.700012       0.0000000000000000     
   448.799988       0.0000000000000000     
   448.899994       0.0000000000000000     
   449.000000       0.0000000000000000     
   449.100006       0.0000000000000000     
   449.200012       0.0000000000000000     
   449.299988       0.0000000000000000     
   449.399994       0.0000000000000000     
   449.500000       0.0000000000000000     
   449.600006       0.0000000000000000     
   449.700012       0.0000000000000000     
   449.799988       0.0000000000000000     
   449.899994       0.0000000000000000     
   450.000000       0.0000000000000000     
   450.100006       0.0000000000000000     
   450.200012       0.0000000000000000     
   450.299988       0.0000000000000000     
   450.399994       0.0000000000000000     
   450.500000       3.1662985627941935E-006
   450.600006       0.0000000000000000     
   450.700012       0.0000000000000000     
   450.799988       0.0000000000000000     
   450.899994       0.0000000000000000     
   451.000000       0.0000000000000000     
   451.100006       1.5820961260197685E-006
   451.200012       0.0000000000000000     
   451.299988       0.0000000000000000     
   451.399994       1.5815703575489895E-006
   451.500000       0.0000000000000000     
   451.600006       0.0000000000000000     
   451.700012       0.0000000000000000     
   451.799988       0.0000000000000000     
   451.899994       0.0000000000000000     
   452.000000       0.0000000000000000     
   452.100006       0.0000000000000000     
   452.200012       0.0000000000000000     
   452.299988       0.0000000000000000     
   452.399994       0.0000000000000000     
   452.500000       0.0000000000000000     
   452.600006       0.0000000000000000     
   452.700012       0.0000000000000000     
   452.799988       0.0000000000000000     
   452.899994       0.0000000000000000     
   453.000000       0.0000000000000000     
   453.100006       0.0000000000000000     
   453.200012       0.0000000000000000     
   453.299988       0.0000000000000000     
   453.399994       0.0000000000000000     
   453.500000       0.0000000000000000     
   453.600006       0.0000000000000000     
   453.700012       0.0000000000000000     
   453.799988       0.0000000000000000     
   453.899994       0.0000000000000000     
   454.000000       0.0000000000000000     
   454.100006       0.0000000000000000     
   454.200012       0.0000000000000000     
   454.299988       0.0000000000000000     
   454.399994       0.0000000000000000     
   454.500000       0.0000000000000000     
   454.600006       0.0000000000000000     
   454.700012       0.0000000000000000     
   454.799988       0.0000000000000000     
   454.899994       0.0000000000000000     
   455.000000       0.0000000000000000     
   455.100006       0.0000000000000000     
   455.200012       0.0000000000000000     
   455.299988       0.0000000000000000     
   455.399994       0.0000000000000000     
   455.500000       0.0000000000000000     
   455.600006       0.0000000000000000     
   455.700012       0.0000000000000000     
   455.799988       0.0000000000000000     
   455.899994       0.0000000000000000     
   456.000000       0.0000000000000000     
   456.100006       0.0000000000000000     
   456.200012       0.0000000000000000     
   456.299988       0.0000000000000000     
   456.399994       0.0000000000000000     
   456.500000       0.0000000000000000     
   456.600006       0.0000000000000000     
   456.700012       0.0000000000000000     
   456.799988       0.0000000000000000     
   456.899994       0.0000000000000000     
   457.000000       0.0000000000000000     
   457.100006       0.0000000000000000     
   457.200012       0.0000000000000000     
   457.299988       0.0000000000000000     
   457.399994       0.0000000000000000     
   457.500000       0.0000000000000000     
   457.600006       0.0000000000000000     
   457.700012       0.0000000000000000     
   457.799988       0.0000000000000000     
   457.899994       0.0000000000000000     
   458.000000       0.0000000000000000     
   458.100006       0.0000000000000000     
   458.200012       0.0000000000000000     
   458.299988       0.0000000000000000     
   458.399994       0.0000000000000000     
   458.500000       0.0000000000000000     
   458.600006       0.0000000000000000     
   458.700012       0.0000000000000000     
   458.799988       0.0000000000000000     
   458.899994       0.0000000000000000     
   459.000000       0.0000000000000000     
   459.100006       0.0000000000000000     
   459.200012       0.0000000000000000     
   459.299988       0.0000000000000000     
   459.399994       0.0000000000000000     
   459.500000       0.0000000000000000     
   459.600006       0.0000000000000000     
   459.700012       0.0000000000000000     
   459.799988       1.5670586793236652E-006
   459.899994       0.0000000000000000     
   460.000000       0.0000000000000000     
   460.100006       0.0000000000000000     
   460.200012       0.0000000000000000     
   460.299988       0.0000000000000000     
   460.399994       0.0000000000000000     
   460.500000       0.0000000000000000     
   460.600006       0.0000000000000000     
   460.700012       0.0000000000000000     
   460.799988       0.0000000000000000     
   460.899994       0.0000000000000000     
   461.000000       0.0000000000000000     
   461.100006       0.0000000000000000     
   461.200012       0.0000000000000000     
   461.299988       0.0000000000000000     
   461.399994       0.0000000000000000     
   461.500000       0.0000000000000000     
   461.600006       0.0000000000000000     
   461.700012       0.0000000000000000     
   461.799988       0.0000000000000000     
   461.899994       0.0000000000000000     
   462.000000       0.0000000000000000     
   462.100006       0.0000000000000000     
   462.200012       0.0000000000000000     
   462.299988       0.0000000000000000     
   462.399994       0.0000000000000000     
   462.500000       0.0000000000000000     
   462.600006       0.0000000000000000     
   462.700012       0.0000000000000000     
   462.799988       0.0000000000000000     
   462.899994       0.0000000000000000     
   463.000000       0.0000000000000000     
   463.100006       0.0000000000000000     
   463.200012       0.0000000000000000     
   463.299988       0.0000000000000000     
   463.399994       0.0000000000000000     
   463.500000       0.0000000000000000     
   463.600006       0.0000000000000000     
   463.700012       0.0000000000000000     
   463.799988       1.5602871920822370E-006
   463.899994       0.0000000000000000     
   464.000000       1.5599510720705232E-006
   464.100006       0.0000000000000000     
   464.200012       0.0000000000000000     
   464.299988       0.0000000000000000     
   464.399994       0.0000000000000000     
   464.500000       0.0000000000000000     
   464.600006       0.0000000000000000     
   464.700012       0.0000000000000000     
   464.799988       0.0000000000000000     
   464.899994       0.0000000000000000     
   465.000000       0.0000000000000000     
   465.100006       0.0000000000000000     
   465.200012       0.0000000000000000     
   465.299988       0.0000000000000000     
   465.399994       0.0000000000000000     
   465.500000       0.0000000000000000     
   465.600006       0.0000000000000000     
   465.700012       0.0000000000000000     
   465.799988       0.0000000000000000     
   465.899994       0.0000000000000000     
   466.000000       0.0000000000000000     
   466.100006       0.0000000000000000     
   466.200012       0.0000000000000000     
   466.299988       0.0000000000000000     
   466.399994       0.0000000000000000     
   466.500000       0.0000000000000000     
   466.600006       0.0000000000000000     
   466.700012       0.0000000000000000     
   466.799988       0.0000000000000000     
   466.899994       0.0000000000000000     
   467.000000       0.0000000000000000     
   467.100006       0.0000000000000000     
   467.200012       0.0000000000000000     
   467.299988       0.0000000000000000     
   467.399994       0.0000000000000000     
   467.500000       0.0000000000000000     
   467.600006       0.0000000000000000     
   467.700012       0.0000000000000000     
   467.799988       0.0000000000000000     
   467.899994       0.0000000000000000     
   468.000000       0.0000000000000000     
   468.100006       0.0000000000000000     
   468.200012       0.0000000000000000     
   468.299988       0.0000000000000000     
   468.399994       0.0000000000000000     
   468.500000       0.0000000000000000     
   468.600006       0.0000000000000000     
   468.700012       0.0000000000000000     
   468.799988       0.0000000000000000     
   468.899994       0.0000000000000000     
   469.000000       0.0000000000000000     
   469.100006       0.0000000000000000     
   469.200012       0.0000000000000000     
   469.299988       0.0000000000000000     
   469.399994       0.0000000000000000     
   469.500000       0.0000000000000000     
   469.600006       0.0000000000000000     
   469.700012       0.0000000000000000     
   469.799988       0.0000000000000000     
   469.899994       0.0000000000000000     
   470.000000       0.0000000000000000     
   470.100006       0.0000000000000000     
   470.200012       0.0000000000000000     
   470.299988       0.0000000000000000     
   470.399994       0.0000000000000000     
   470.500000       0.0000000000000000     
   470.600006       0.0000000000000000     
   470.700012       0.0000000000000000     
   470.799988       0.0000000000000000     
   470.899994       0.0000000000000000     
   471.000000       0.0000000000000000     
   471.100006       0.0000000000000000     
   471.200012       0.0000000000000000     
   471.299988       0.0000000000000000     
   471.399994       0.0000000000000000     
   471.500000       0.0000000000000000     
   471.600006       0.0000000000000000     
   471.700012       0.0000000000000000     
   471.799988       0.0000000000000000     
   471.899994       0.0000000000000000     
   472.000000       0.0000000000000000     
   472.100006       0.0000000000000000     
   472.200012       0.0000000000000000     
   472.299988       0.0000000000000000     
   472.399994       0.0000000000000000     
   472.500000       0.0000000000000000     
   472.600006       0.0000000000000000     
   472.700012       0.0000000000000000     
   472.799988       0.0000000000000000     
   472.899994       0.0000000000000000     
   473.000000       0.0000000000000000     
   473.100006       0.0000000000000000     
   473.200012       0.0000000000000000     
   473.299988       0.0000000000000000     
   473.399994       0.0000000000000000     
   473.500000       0.0000000000000000     
   473.600006       0.0000000000000000     
   473.700012       0.0000000000000000     
   473.799988       0.0000000000000000     
   473.899994       0.0000000000000000     
   474.000000       0.0000000000000000     
   474.100006       0.0000000000000000     
   474.200012       0.0000000000000000     
   474.299988       0.0000000000000000     
   474.399994       0.0000000000000000     
   474.500000       0.0000000000000000     
   474.600006       0.0000000000000000     
   474.700012       0.0000000000000000     
   474.799988       0.0000000000000000     
   474.899994       0.0000000000000000     
   475.000000       0.0000000000000000     
   475.100006       0.0000000000000000     
   475.200012       0.0000000000000000     
   475.299988       0.0000000000000000     
   475.399994       0.0000000000000000     
   475.500000       0.0000000000000000     
   475.600006       0.0000000000000000     
   475.700012       0.0000000000000000     
   475.799988       0.0000000000000000     
   475.899994       0.0000000000000000     
   476.000000       0.0000000000000000     
   476.100006       0.0000000000000000     
   476.200012       0.0000000000000000     
   476.299988       0.0000000000000000     
   476.399994       0.0000000000000000     
   476.500000       0.0000000000000000     
   476.600006       0.0000000000000000     
   476.700012       0.0000000000000000     
   476.799988       0.0000000000000000     
   476.899994       0.0000000000000000     
   477.000000       0.0000000000000000     
   477.100006       0.0000000000000000     
   477.200012       0.0000000000000000     
   477.299988       0.0000000000000000     
   477.399994       0.0000000000000000     
   477.500000       0.0000000000000000     
   477.600006       0.0000000000000000     
   477.700012       1.5374216932863593E-006
   477.799988       0.0000000000000000     
   477.899994       0.0000000000000000     
   478.000000       0.0000000000000000     
   478.100006       0.0000000000000000     
   478.200012       0.0000000000000000     
   478.299988       0.0000000000000000     
   478.399994       0.0000000000000000     
   478.500000       0.0000000000000000     
   478.600006       0.0000000000000000     
   478.700012       0.0000000000000000     
   478.799988       0.0000000000000000     
   478.899994       0.0000000000000000     
   479.000000       0.0000000000000000     
   479.100006       0.0000000000000000     
   479.200012       0.0000000000000000     
   479.299988       0.0000000000000000     
   479.399994       0.0000000000000000     
   479.500000       0.0000000000000000     
   479.600006       0.0000000000000000     
   479.700012       0.0000000000000000     
   479.799988       0.0000000000000000     
   479.899994       0.0000000000000000     
   480.000000       0.0000000000000000     
   480.100006       0.0000000000000000     
   480.200012       0.0000000000000000     
   480.299988       0.0000000000000000     
   480.399994       0.0000000000000000     
   480.500000       0.0000000000000000     
   480.600006       0.0000000000000000     
   480.700012       0.0000000000000000     
   480.799988       0.0000000000000000     
   480.899994       0.0000000000000000     
   481.000000       0.0000000000000000     
   481.100006       0.0000000000000000     
   481.200012       0.0000000000000000     
   481.299988       0.0000000000000000     
   481.399994       0.0000000000000000     
   481.500000       0.0000000000000000     
   481.600006       0.0000000000000000     
   481.700012       0.0000000000000000     
   481.799988       0.0000000000000000     
   481.899994       0.0000000000000000     
   482.000000       0.0000000000000000     
   482.100006       0.0000000000000000     
   482.200012       0.0000000000000000     
   482.299988       0.0000000000000000     
   482.399994       0.0000000000000000     
   482.500000       0.0000000000000000     
   482.600006       0.0000000000000000     
   482.700012       0.0000000000000000     
   482.799988       1.5292807397376376E-006
   482.899994       0.0000000000000000     
   483.000000       0.0000000000000000     
   483.100006       0.0000000000000000     
   483.200012       0.0000000000000000     
   483.299988       0.0000000000000000     
   483.399994       0.0000000000000000     
   483.500000       0.0000000000000000     
   483.600006       0.0000000000000000     
   483.700012       0.0000000000000000     
   483.799988       0.0000000000000000     
   483.899994       0.0000000000000000     
   484.000000       0.0000000000000000     
   484.100006       0.0000000000000000     
   484.200012       0.0000000000000000     
   484.299988       0.0000000000000000     
   484.399994       0.0000000000000000     
   484.500000       0.0000000000000000     
   484.600006       0.0000000000000000     
   484.700012       0.0000000000000000     
   484.799988       0.0000000000000000     
   484.899994       0.0000000000000000     
   485.000000       0.0000000000000000     
   485.100006       0.0000000000000000     
   485.200012       0.0000000000000000     
   485.299988       0.0000000000000000     
   485.399994       0.0000000000000000     
   485.500000       0.0000000000000000     
   485.600006       0.0000000000000000     
   485.700012       0.0000000000000000     
   485.799988       0.0000000000000000     
   485.899994       0.0000000000000000     
   486.000000       0.0000000000000000     
   486.100006       0.0000000000000000     
   486.200012       0.0000000000000000     
   486.299988       0.0000000000000000     
   486.399994       0.0000000000000000     
   486.500000       0.0000000000000000     
   486.600006       0.0000000000000000     
   486.700012       0.0000000000000000     
   486.799988       0.0000000000000000     
   486.899994       0.0000000000000000     
   487.000000       0.0000000000000000     
   487.100006       0.0000000000000000     
   487.200012       0.0000000000000000     
   487.299988       0.0000000000000000     
   487.399994       0.0000000000000000     
   487.500000       0.0000000000000000     
   487.600006       0.0000000000000000     
   487.700012       0.0000000000000000     
   487.799988       0.0000000000000000     
   487.899994       0.0000000000000000     
   488.000000       0.0000000000000000     
   488.100006       0.0000000000000000     
   488.200012       0.0000000000000000     
   488.299988       0.0000000000000000     
   488.399994       0.0000000000000000     
   488.500000       1.5203334294556784E-006
   488.600006       0.0000000000000000     
   488.700012       0.0000000000000000     
   488.799988       1.5198667839868228E-006
   488.899994       0.0000000000000000     
   489.000000       0.0000000000000000     
   489.100006       0.0000000000000000     
   489.200012       0.0000000000000000     
   489.299988       0.0000000000000000     
   489.399994       0.0000000000000000     
   489.500000       0.0000000000000000     
   489.600006       0.0000000000000000     
   489.700012       0.0000000000000000     
   489.799988       0.0000000000000000     
   489.899994       0.0000000000000000     
   490.000000       0.0000000000000000     
   490.100006       0.0000000000000000     
   490.200012       0.0000000000000000     
   490.299988       0.0000000000000000     
   490.399994       0.0000000000000000     
   490.500000       0.0000000000000000     
   490.600006       0.0000000000000000     
   490.700012       0.0000000000000000     
   490.799988       0.0000000000000000     
   490.899994       0.0000000000000000     
   491.000000       0.0000000000000000     
   491.100006       0.0000000000000000     
   491.200012       0.0000000000000000     
   491.299988       0.0000000000000000     
   491.399994       0.0000000000000000     
   491.500000       0.0000000000000000     
   491.600006       0.0000000000000000     
   491.700012       0.0000000000000000     
   491.799988       0.0000000000000000     
   491.899994       0.0000000000000000     
   492.000000       0.0000000000000000     
   492.100006       0.0000000000000000     
   492.200012       0.0000000000000000     
   492.299988       0.0000000000000000     
   492.399994       0.0000000000000000     
   492.500000       0.0000000000000000     
   492.600006       0.0000000000000000     
   492.700012       0.0000000000000000     
   492.799988       0.0000000000000000     
   492.899994       0.0000000000000000     
   493.000000       0.0000000000000000     
   493.100006       0.0000000000000000     
   493.200012       0.0000000000000000     
   493.299988       0.0000000000000000     
   493.399994       0.0000000000000000     
   493.500000       0.0000000000000000     
   493.600006       0.0000000000000000     
   493.700012       0.0000000000000000     
   493.799988       0.0000000000000000     
   493.899994       0.0000000000000000     
   494.000000       0.0000000000000000     
   494.100006       0.0000000000000000     
   494.200012       0.0000000000000000     
   494.299988       0.0000000000000000     
   494.399994       0.0000000000000000     
   494.500000       0.0000000000000000     
   494.600006       0.0000000000000000     
   494.700012       0.0000000000000000     
   494.799988       0.0000000000000000     
   494.899994       0.0000000000000000     
   495.000000       0.0000000000000000     
   495.100006       0.0000000000000000     
   495.200012       0.0000000000000000     
   495.299988       0.0000000000000000     
   495.399994       0.0000000000000000     
   495.500000       0.0000000000000000     
   495.600006       0.0000000000000000     
   495.700012       0.0000000000000000     
   495.799988       0.0000000000000000     
   495.899994       0.0000000000000000     
   496.000000       0.0000000000000000     
   496.100006       0.0000000000000000     
   496.200012       0.0000000000000000     
   496.299988       0.0000000000000000     
   496.399994       0.0000000000000000     
   496.500000       0.0000000000000000     
   496.600006       0.0000000000000000     
   496.700012       0.0000000000000000     
   496.799988       0.0000000000000000     
   496.899994       0.0000000000000000     
   497.000000       0.0000000000000000     
   497.100006       0.0000000000000000     
   497.200012       0.0000000000000000     
   497.299988       0.0000000000000000     
   497.399994       0.0000000000000000     
   497.500000       0.0000000000000000     
   497.600006       0.0000000000000000     
   497.700012       0.0000000000000000     
   497.799988       0.0000000000000000     
   497.899994       0.0000000000000000     
   498.000000       0.0000000000000000     
   498.100006       0.0000000000000000     
   498.200012       0.0000000000000000     
   498.299988       0.0000000000000000     
   498.399994       0.0000000000000000     
   498.500000       0.0000000000000000     
   498.600006       0.0000000000000000     
   498.700012       0.0000000000000000     
   498.799988       0.0000000000000000     
   498.899994       0.0000000000000000     
   499.000000       0.0000000000000000     
   499.100006       0.0000000000000000     
   499.200012       0.0000000000000000     
   499.299988       0.0000000000000000     
   499.399994       0.0000000000000000     
   499.500000       0.0000000000000000     
   499.600006       0.0000000000000000     
   499.700012       0.0000000000000000     
   499.799988       0.0000000000000000     
   499.899994       0.0000000000000000     
   500.000000       0.0000000000000000     
   500.100006       0.0000000000000000     
   500.200012       0.0000000000000000     
   500.299988       0.0000000000000000     
   500.399994       0.0000000000000000     
   500.500000       0.0000000000000000     
   500.600006       0.0000000000000000     
   500.700012       0.0000000000000000     
   500.799988       0.0000000000000000     
   500.899994       0.0000000000000000     
   501.000000       0.0000000000000000     
   501.100006       0.0000000000000000     
   501.200012       0.0000000000000000     
   501.299988       0.0000000000000000     
   501.399994       0.0000000000000000     
   501.500000       0.0000000000000000     
   501.600006       0.0000000000000000     
   501.700012       0.0000000000000000     
   501.799988       0.0000000000000000     
   501.899994       0.0000000000000000     
   502.000000       0.0000000000000000     
   502.100006       0.0000000000000000     
   502.200012       0.0000000000000000     
   502.299988       0.0000000000000000     
   502.399994       0.0000000000000000     
   502.500000       0.0000000000000000     
   502.600006       0.0000000000000000     
   502.700012       0.0000000000000000     
   502.799988       0.0000000000000000     
   502.899994       0.0000000000000000     
   503.000000       0.0000000000000000     
   503.100006       0.0000000000000000     
   503.200012       0.0000000000000000     
   503.299988       0.0000000000000000     
   503.399994       0.0000000000000000     
   503.500000       0.0000000000000000     
   503.600006       0.0000000000000000     
   503.700012       0.0000000000000000     
   503.799988       0.0000000000000000     
   503.899994       0.0000000000000000     
   504.000000       0.0000000000000000     
   504.100006       0.0000000000000000     
   504.200012       0.0000000000000000     
   504.299988       0.0000000000000000     
   504.399994       0.0000000000000000     
   504.500000       0.0000000000000000     
   504.600006       0.0000000000000000     
   504.700012       0.0000000000000000     
   504.799988       0.0000000000000000     
   504.899994       0.0000000000000000     
   505.000000       0.0000000000000000     
   505.100006       0.0000000000000000     
   505.200012       0.0000000000000000     
   505.299988       0.0000000000000000     
   505.399994       0.0000000000000000     
   505.500000       0.0000000000000000     
   505.600006       0.0000000000000000     
   505.700012       0.0000000000000000     
   505.799988       0.0000000000000000     
   505.899994       0.0000000000000000     
   506.000000       0.0000000000000000     
   506.100006       0.0000000000000000     
   506.200012       0.0000000000000000     
   506.299988       0.0000000000000000     
   506.399994       1.4932243100990627E-006
   506.500000       0.0000000000000000     
   506.600006       0.0000000000000000     
   506.700012       0.0000000000000000     
   506.799988       0.0000000000000000     
   506.899994       0.0000000000000000     
   507.000000       0.0000000000000000     
   507.100006       0.0000000000000000     
   507.200012       0.0000000000000000     
   507.299988       0.0000000000000000     
   507.399994       0.0000000000000000     
   507.500000       0.0000000000000000     
   507.600006       0.0000000000000000     
   507.700012       0.0000000000000000     
   507.799988       0.0000000000000000     
   507.899994       0.0000000000000000     
   508.000000       0.0000000000000000     
   508.100006       0.0000000000000000     
   508.200012       0.0000000000000000     
   508.299988       0.0000000000000000     
   508.399994       0.0000000000000000     
   508.500000       0.0000000000000000     
   508.600006       0.0000000000000000     
   508.700012       0.0000000000000000     
   508.799988       0.0000000000000000     
   508.899994       0.0000000000000000     
   509.000000       1.4894061227568623E-006
   509.100006       0.0000000000000000     
   509.200012       0.0000000000000000     
   509.299988       1.4889673269930160E-006
   509.399994       0.0000000000000000     
   509.500000       0.0000000000000000     
   509.600006       0.0000000000000000     
   509.700012       0.0000000000000000     
   509.799988       0.0000000000000000     
   509.899994       0.0000000000000000     
   510.000000       0.0000000000000000     
   510.100006       0.0000000000000000     
   510.200012       0.0000000000000000     
   510.299988       0.0000000000000000     
   510.399994       0.0000000000000000     
   510.500000       0.0000000000000000     
   510.600006       0.0000000000000000     
   510.700012       0.0000000000000000     
   510.799988       0.0000000000000000     
   510.899994       0.0000000000000000     
   511.000000       0.0000000000000000     
   511.100006       0.0000000000000000     
   511.200012       0.0000000000000000     
   511.299988       0.0000000000000000     
   511.399994       0.0000000000000000     
   511.500000       0.0000000000000000     
   511.600006       0.0000000000000000     
   511.700012       0.0000000000000000     
   511.799988       0.0000000000000000     
   511.899994       0.0000000000000000     
   512.000000       0.0000000000000000     
   512.099976       0.0000000000000000     
   512.200012       0.0000000000000000     
   512.299988       0.0000000000000000     
   512.400024       0.0000000000000000     
   512.500000       0.0000000000000000     
   512.599976       0.0000000000000000     
   512.700012       0.0000000000000000     
   512.799988       0.0000000000000000     
   512.900024       0.0000000000000000     
   513.000000       0.0000000000000000     
   513.099976       0.0000000000000000     
   513.200012       0.0000000000000000     
   513.299988       0.0000000000000000     
   513.400024       0.0000000000000000     
   513.500000       0.0000000000000000     
   513.599976       0.0000000000000000     
   513.700012       0.0000000000000000     
   513.799988       0.0000000000000000     
   513.900024       0.0000000000000000     
   514.000000       0.0000000000000000     
   514.099976       0.0000000000000000     
   514.200012       0.0000000000000000     
   514.299988       0.0000000000000000     
   514.400024       0.0000000000000000     
   514.500000       0.0000000000000000     
   514.599976       0.0000000000000000     
   514.700012       0.0000000000000000     
   514.799988       0.0000000000000000     
   514.900024       0.0000000000000000     
   515.000000       0.0000000000000000     
   515.099976       0.0000000000000000     
   515.200012       0.0000000000000000     
   515.299988       0.0000000000000000     
   515.400024       0.0000000000000000     
   515.500000       0.0000000000000000     
   515.599976       0.0000000000000000     
   515.700012       0.0000000000000000     
   515.799988       0.0000000000000000     
   515.900024       0.0000000000000000     
   516.000000       0.0000000000000000     
   516.099976       0.0000000000000000     
   516.200012       0.0000000000000000     
   516.299988       0.0000000000000000     
   516.400024       0.0000000000000000     
   516.500000       0.0000000000000000     
   516.599976       0.0000000000000000     
   516.700012       0.0000000000000000     
   516.799988       0.0000000000000000     
   516.900024       0.0000000000000000     
   517.000000       0.0000000000000000     
   517.099976       0.0000000000000000     
   517.200012       0.0000000000000000     
   517.299988       0.0000000000000000     
   517.400024       0.0000000000000000     
   517.500000       0.0000000000000000     
   517.599976       0.0000000000000000     
   517.700012       0.0000000000000000     
   517.799988       0.0000000000000000     
   517.900024       0.0000000000000000     
   518.000000       0.0000000000000000     
   518.099976       0.0000000000000000     
   518.200012       0.0000000000000000     
   518.299988       0.0000000000000000     
   518.400024       0.0000000000000000     
   518.500000       0.0000000000000000     
   518.599976       0.0000000000000000     
   518.700012       0.0000000000000000     
   518.799988       0.0000000000000000     
   518.900024       0.0000000000000000     
   519.000000       0.0000000000000000     
   519.099976       0.0000000000000000     
   519.200012       0.0000000000000000     
   519.299988       0.0000000000000000     
   519.400024       0.0000000000000000     
   519.500000       0.0000000000000000     
   519.599976       0.0000000000000000     
   519.700012       0.0000000000000000     
   519.799988       0.0000000000000000     
   519.900024       0.0000000000000000     
   520.000000       0.0000000000000000     
   520.099976       0.0000000000000000     
   520.200012       0.0000000000000000     
   520.299988       0.0000000000000000     
   520.400024       0.0000000000000000     
   520.500000       0.0000000000000000     
   520.599976       0.0000000000000000     
   520.700012       0.0000000000000000     
   520.799988       0.0000000000000000     
   520.900024       0.0000000000000000     
   521.000000       0.0000000000000000     
   521.099976       0.0000000000000000     
   521.200012       0.0000000000000000     
   521.299988       0.0000000000000000     
   521.400024       0.0000000000000000     
   521.500000       0.0000000000000000     
   521.599976       0.0000000000000000     
   521.700012       0.0000000000000000     
   521.799988       0.0000000000000000     
   521.900024       0.0000000000000000     
   522.000000       0.0000000000000000     
   522.099976       0.0000000000000000     
   522.200012       0.0000000000000000     
   522.299988       0.0000000000000000     
   522.400024       0.0000000000000000     
   522.500000       0.0000000000000000     
   522.599976       0.0000000000000000     
   522.700012       0.0000000000000000     
   522.799988       0.0000000000000000     
   522.900024       0.0000000000000000     
   523.000000       0.0000000000000000     
   523.099976       0.0000000000000000     
   523.200012       0.0000000000000000     
   523.299988       0.0000000000000000     
   523.400024       0.0000000000000000     
   523.500000       0.0000000000000000     
   523.599976       0.0000000000000000     
   523.700012       0.0000000000000000     
   523.799988       0.0000000000000000     
   523.900024       0.0000000000000000     
   524.000000       0.0000000000000000     
   524.099976       0.0000000000000000     
   524.200012       0.0000000000000000     
   524.299988       0.0000000000000000     
   524.400024       0.0000000000000000     
   524.500000       1.4672357015199558E-006
   524.599976       0.0000000000000000     
   524.700012       0.0000000000000000     
   524.799988       0.0000000000000000     
   524.900024       0.0000000000000000     
   525.000000       0.0000000000000000     
   525.099976       0.0000000000000000     
   525.200012       0.0000000000000000     
   525.299988       0.0000000000000000     
   525.400024       0.0000000000000000     
   525.500000       0.0000000000000000     
   525.599976       0.0000000000000000     
   525.700012       0.0000000000000000     
   525.799988       0.0000000000000000     
   525.900024       0.0000000000000000     
   526.000000       0.0000000000000000     
   526.099976       0.0000000000000000     
   526.200012       0.0000000000000000     
   526.299988       0.0000000000000000     
   526.400024       0.0000000000000000     
   526.500000       0.0000000000000000     
   526.599976       0.0000000000000000     
   526.700012       0.0000000000000000     
   526.799988       0.0000000000000000     
   526.900024       0.0000000000000000     
   527.000000       0.0000000000000000     
   527.099976       0.0000000000000000     
   527.200012       0.0000000000000000     
   527.299988       0.0000000000000000     
   527.400024       0.0000000000000000     
   527.500000       0.0000000000000000     
   527.599976       0.0000000000000000     
   527.700012       0.0000000000000000     
   527.799988       0.0000000000000000     
   527.900024       0.0000000000000000     
   528.000000       0.0000000000000000     
   528.099976       0.0000000000000000     
   528.200012       0.0000000000000000     
   528.299988       0.0000000000000000     
   528.400024       0.0000000000000000     
   528.500000       0.0000000000000000     
   528.599976       0.0000000000000000     
   528.700012       0.0000000000000000     
   528.799988       0.0000000000000000     
   528.900024       0.0000000000000000     
   529.000000       0.0000000000000000     
   529.099976       0.0000000000000000     
   529.200012       0.0000000000000000     
   529.299988       0.0000000000000000     
   529.400024       0.0000000000000000     
   529.500000       0.0000000000000000     
   529.599976       0.0000000000000000     
   529.700012       0.0000000000000000     
   529.799988       0.0000000000000000     
   529.900024       0.0000000000000000     
   530.000000       0.0000000000000000     
   530.099976       0.0000000000000000     
   530.200012       0.0000000000000000     
   530.299988       0.0000000000000000     
   530.400024       0.0000000000000000     
   530.500000       0.0000000000000000     
   530.599976       0.0000000000000000     
   530.700012       0.0000000000000000     
   530.799988       0.0000000000000000     
   530.900024       0.0000000000000000     
   531.000000       0.0000000000000000     
   531.099976       0.0000000000000000     
   531.200012       0.0000000000000000     
   531.299988       0.0000000000000000     
   531.400024       0.0000000000000000     
   531.500000       0.0000000000000000     
   531.599976       0.0000000000000000     
   531.700012       0.0000000000000000     
   531.799988       0.0000000000000000     
   531.900024       0.0000000000000000     
   532.000000       0.0000000000000000     
   532.099976       0.0000000000000000     
   532.200012       0.0000000000000000     
   532.299988       0.0000000000000000     
   532.400024       0.0000000000000000     
   532.500000       0.0000000000000000     
   532.599976       0.0000000000000000     
   532.700012       0.0000000000000000     
   532.799988       0.0000000000000000     
   532.900024       0.0000000000000000     
   533.000000       0.0000000000000000     
   533.099976       0.0000000000000000     
   533.200012       0.0000000000000000     
   533.299988       0.0000000000000000     
   533.400024       0.0000000000000000     
   533.500000       0.0000000000000000     
   533.599976       0.0000000000000000     
   533.700012       0.0000000000000000     
   533.799988       0.0000000000000000     
   533.900024       0.0000000000000000     
   534.000000       0.0000000000000000     
   534.099976       0.0000000000000000     
   534.200012       0.0000000000000000     
   534.299988       0.0000000000000000     
   534.400024       0.0000000000000000     
   534.500000       0.0000000000000000     
   534.599976       0.0000000000000000     
   534.700012       0.0000000000000000     
   534.799988       0.0000000000000000     
   534.900024       0.0000000000000000     
   535.000000       0.0000000000000000     
   535.099976       0.0000000000000000     
   535.200012       0.0000000000000000     
   535.299988       0.0000000000000000     
   535.400024       0.0000000000000000     
   535.500000       0.0000000000000000     
   535.599976       0.0000000000000000     
   535.700012       0.0000000000000000     
   535.799988       0.0000000000000000     
   535.900024       0.0000000000000000     
   536.000000       0.0000000000000000     
   536.099976       0.0000000000000000     
   536.200012       0.0000000000000000     
   536.299988       0.0000000000000000     
   536.400024       0.0000000000000000     
   536.500000       0.0000000000000000     
   536.599976       0.0000000000000000     
   536.700012       0.0000000000000000     
   536.799988       0.0000000000000000     
   536.900024       0.0000000000000000     
   537.000000       0.0000000000000000     
   537.099976       0.0000000000000000     
   537.200012       0.0000000000000000     
   537.299988       0.0000000000000000     
   537.400024       0.0000000000000000     
   537.500000       0.0000000000000000     
   537.599976       0.0000000000000000     
   537.700012       0.0000000000000000     
   537.799988       0.0000000000000000     
   537.900024       0.0000000000000000     
   538.000000       0.0000000000000000     
   538.099976       0.0000000000000000     
   538.200012       0.0000000000000000     
   538.299988       0.0000000000000000     
   538.400024       0.0000000000000000     
   538.500000       0.0000000000000000     
   538.599976       0.0000000000000000     
   538.700012       0.0000000000000000     
   538.799988       0.0000000000000000     
   538.900024       0.0000000000000000     
   539.000000       0.0000000000000000     
   539.099976       0.0000000000000000     
   539.200012       0.0000000000000000     
   539.299988       0.0000000000000000     
   539.400024       0.0000000000000000     
   539.500000       0.0000000000000000     
   539.599976       0.0000000000000000     
   539.700012       0.0000000000000000     
   539.799988       0.0000000000000000     
   539.900024       0.0000000000000000     
   540.000000       0.0000000000000000     
   540.099976       0.0000000000000000     
   540.200012       0.0000000000000000     
   540.299988       0.0000000000000000     
   540.400024       0.0000000000000000     
   540.500000       0.0000000000000000     
   540.599976       0.0000000000000000     
   540.700012       0.0000000000000000     
   540.799988       0.0000000000000000     
   540.900024       0.0000000000000000     
   541.000000       0.0000000000000000     
   541.099976       0.0000000000000000     
   541.200012       0.0000000000000000     
   541.299988       0.0000000000000000     
   541.400024       0.0000000000000000     
   541.500000       0.0000000000000000     
   541.599976       0.0000000000000000     
   541.700012       0.0000000000000000     
   541.799988       0.0000000000000000     
   541.900024       0.0000000000000000     
   542.000000       0.0000000000000000     
   542.099976       0.0000000000000000     
   542.200012       0.0000000000000000     
   542.299988       0.0000000000000000     
   542.400024       0.0000000000000000     
   542.500000       0.0000000000000000     
   542.599976       0.0000000000000000     
   542.700012       0.0000000000000000     
   542.799988       0.0000000000000000     
   542.900024       0.0000000000000000     
   543.000000       0.0000000000000000     
   543.099976       0.0000000000000000     
   543.200012       0.0000000000000000     
   543.299988       0.0000000000000000     
   543.400024       0.0000000000000000     
   543.500000       0.0000000000000000     
   543.599976       0.0000000000000000     
   543.700012       0.0000000000000000     
   543.799988       0.0000000000000000     
   543.900024       0.0000000000000000     
   544.000000       0.0000000000000000     
   544.099976       0.0000000000000000     
   544.200012       0.0000000000000000     
   544.299988       0.0000000000000000     
   544.400024       0.0000000000000000     
   544.500000       0.0000000000000000     
   544.599976       0.0000000000000000     
   544.700012       0.0000000000000000     
   544.799988       0.0000000000000000     
   544.900024       0.0000000000000000     
   545.000000       0.0000000000000000     
   545.099976       0.0000000000000000     
   545.200012       0.0000000000000000     
   545.299988       0.0000000000000000     
   545.400024       0.0000000000000000     
   545.500000       0.0000000000000000     
   545.599976       0.0000000000000000     
   545.700012       0.0000000000000000     
   545.799988       0.0000000000000000     
   545.900024       0.0000000000000000     
   546.000000       0.0000000000000000     
   546.099976       0.0000000000000000     
   546.200012       0.0000000000000000     
   546.299988       0.0000000000000000     
   546.400024       0.0000000000000000     
   546.500000       0.0000000000000000     
   546.599976       0.0000000000000000     
   546.700012       0.0000000000000000     
   546.799988       0.0000000000000000     
   546.900024       0.0000000000000000     
   547.000000       0.0000000000000000     
   547.099976       0.0000000000000000     
   547.200012       0.0000000000000000     
   547.299988       0.0000000000000000     
   547.400024       0.0000000000000000     
   547.500000       0.0000000000000000     
   547.599976       0.0000000000000000     
   547.700012       0.0000000000000000     
   547.799988       1.4356961265270679E-006
   547.900024       0.0000000000000000     
   548.000000       0.0000000000000000     
   548.099976       0.0000000000000000     
   548.200012       0.0000000000000000     
   548.299988       0.0000000000000000     
   548.400024       0.0000000000000000     
   548.500000       0.0000000000000000     
   548.599976       0.0000000000000000     
   548.700012       0.0000000000000000     
   548.799988       0.0000000000000000     
   548.900024       0.0000000000000000     
   549.000000       0.0000000000000000     
   549.099976       0.0000000000000000     
   549.200012       0.0000000000000000     
   549.299988       0.0000000000000000     
   549.400024       0.0000000000000000     
   549.500000       0.0000000000000000     
   549.599976       0.0000000000000000     
   549.700012       0.0000000000000000     
   549.799988       0.0000000000000000     
   549.900024       0.0000000000000000     
   550.000000       0.0000000000000000     
   550.099976       0.0000000000000000     
   550.200012       0.0000000000000000     
   550.299988       0.0000000000000000     
   550.400024       0.0000000000000000     
   550.500000       0.0000000000000000     
   550.599976       0.0000000000000000     
   550.700012       0.0000000000000000     
   550.799988       0.0000000000000000     
   550.900024       0.0000000000000000     
   551.000000       0.0000000000000000     
   551.099976       0.0000000000000000     
   551.200012       0.0000000000000000     
   551.299988       0.0000000000000000     
   551.400024       0.0000000000000000     
   551.500000       0.0000000000000000     
   551.599976       0.0000000000000000     
   551.700012       0.0000000000000000     
   551.799988       0.0000000000000000     
   551.900024       0.0000000000000000     
   552.000000       0.0000000000000000     
   552.099976       0.0000000000000000     
   552.200012       0.0000000000000000     
   552.299988       0.0000000000000000     
   552.400024       0.0000000000000000     
   552.500000       0.0000000000000000     
   552.599976       0.0000000000000000     
   552.700012       0.0000000000000000     
   552.799988       0.0000000000000000     
   552.900024       0.0000000000000000     
   553.000000       0.0000000000000000     
   553.099976       0.0000000000000000     
   553.200012       0.0000000000000000     
   553.299988       0.0000000000000000     
   553.400024       0.0000000000000000     
   553.500000       0.0000000000000000     
   553.599976       0.0000000000000000     
   553.700012       0.0000000000000000     
   553.799988       0.0000000000000000     
   553.900024       0.0000000000000000     
   554.000000       0.0000000000000000     
   554.099976       0.0000000000000000     
   554.200012       0.0000000000000000     
   554.299988       0.0000000000000000     
   554.400024       0.0000000000000000     
   554.500000       0.0000000000000000     
   554.599976       0.0000000000000000     
   554.700012       0.0000000000000000     
   554.799988       0.0000000000000000     
   554.900024       0.0000000000000000     
   555.000000       0.0000000000000000     
   555.099976       0.0000000000000000     
   555.200012       0.0000000000000000     
   555.299988       0.0000000000000000     
   555.400024       0.0000000000000000     
   555.500000       0.0000000000000000     
   555.599976       0.0000000000000000     
   555.700012       0.0000000000000000     
   555.799988       0.0000000000000000     
   555.900024       0.0000000000000000     
   556.000000       0.0000000000000000     
   556.099976       0.0000000000000000     
   556.200012       0.0000000000000000     
   556.299988       0.0000000000000000     
   556.400024       0.0000000000000000     
   556.500000       0.0000000000000000     
   556.599976       0.0000000000000000     
   556.700012       0.0000000000000000     
   556.799988       0.0000000000000000     
   556.900024       0.0000000000000000     
   557.000000       0.0000000000000000     
   557.099976       0.0000000000000000     
   557.200012       0.0000000000000000     
   557.299988       0.0000000000000000     
   557.400024       0.0000000000000000     
   557.500000       0.0000000000000000     
   557.599976       0.0000000000000000     
   557.700012       0.0000000000000000     
   557.799988       0.0000000000000000     
   557.900024       0.0000000000000000     
   558.000000       0.0000000000000000     
   558.099976       0.0000000000000000     
   558.200012       0.0000000000000000     
   558.299988       0.0000000000000000     
   558.400024       0.0000000000000000     
   558.500000       0.0000000000000000     
   558.599976       0.0000000000000000     
   558.700012       0.0000000000000000     
   558.799988       0.0000000000000000     
   558.900024       0.0000000000000000     
   559.000000       0.0000000000000000     
   559.099976       0.0000000000000000     
   559.200012       0.0000000000000000     
   559.299988       0.0000000000000000     
   559.400024       0.0000000000000000     
   559.500000       0.0000000000000000     
   559.599976       0.0000000000000000     
   559.700012       0.0000000000000000     
   559.799988       0.0000000000000000     
   559.900024       0.0000000000000000     
   560.000000       0.0000000000000000     
   560.099976       0.0000000000000000     
   560.200012       0.0000000000000000     
   560.299988       0.0000000000000000     
   560.400024       0.0000000000000000     
   560.500000       0.0000000000000000     
   560.599976       0.0000000000000000     
   560.700012       0.0000000000000000     
   560.799988       0.0000000000000000     
   560.900024       0.0000000000000000     
   561.000000       0.0000000000000000     
   561.099976       0.0000000000000000     
   561.200012       0.0000000000000000     
   561.299988       0.0000000000000000     
   561.400024       0.0000000000000000     
   561.500000       0.0000000000000000     
   561.599976       0.0000000000000000     
   561.700012       0.0000000000000000     
   561.799988       0.0000000000000000     
   561.900024       0.0000000000000000     
   562.000000       0.0000000000000000     
   562.099976       0.0000000000000000     
   562.200012       0.0000000000000000     
   562.299988       0.0000000000000000     
   562.400024       0.0000000000000000     
   562.500000       0.0000000000000000     
   562.599976       0.0000000000000000     
   562.700012       0.0000000000000000     
   562.799988       0.0000000000000000     
   562.900024       0.0000000000000000     
   563.000000       0.0000000000000000     
   563.099976       0.0000000000000000     
   563.200012       0.0000000000000000     
   563.299988       0.0000000000000000     
   563.400024       0.0000000000000000     
   563.500000       0.0000000000000000     
   563.599976       0.0000000000000000     
   563.700012       0.0000000000000000     
   563.799988       0.0000000000000000     
   563.900024       0.0000000000000000     
   564.000000       0.0000000000000000     
   564.099976       0.0000000000000000     
   564.200012       0.0000000000000000     
   564.299988       0.0000000000000000     
   564.400024       0.0000000000000000     
   564.500000       0.0000000000000000     
   564.599976       0.0000000000000000     
   564.700012       0.0000000000000000     
   564.799988       0.0000000000000000     
   564.900024       0.0000000000000000     
   565.000000       0.0000000000000000     
   565.099976       0.0000000000000000     
   565.200012       0.0000000000000000     
   565.299988       0.0000000000000000     
   565.400024       0.0000000000000000     
   565.500000       0.0000000000000000     
   565.599976       0.0000000000000000     
   565.700012       0.0000000000000000     
   565.799988       0.0000000000000000     
   565.900024       0.0000000000000000     
   566.000000       0.0000000000000000     
   566.099976       0.0000000000000000     
   566.200012       0.0000000000000000     
   566.299988       0.0000000000000000     
   566.400024       0.0000000000000000     
   566.500000       0.0000000000000000     
   566.599976       0.0000000000000000     
   566.700012       0.0000000000000000     
   566.799988       0.0000000000000000     
   566.900024       0.0000000000000000     
   567.000000       0.0000000000000000     
   567.099976       0.0000000000000000     
   567.200012       1.4109320106834476E-006
   567.299988       0.0000000000000000     
   567.400024       0.0000000000000000     
   567.500000       0.0000000000000000     
   567.599976       0.0000000000000000     
   567.700012       0.0000000000000000     
   567.799988       0.0000000000000000     
   567.900024       0.0000000000000000     
   568.000000       0.0000000000000000     
   568.099976       0.0000000000000000     
   568.200012       0.0000000000000000     
   568.299988       0.0000000000000000     
   568.400024       0.0000000000000000     
   568.500000       0.0000000000000000     
   568.599976       0.0000000000000000     
   568.700012       0.0000000000000000     
   568.799988       0.0000000000000000     
   568.900024       0.0000000000000000     
   569.000000       0.0000000000000000     
   569.099976       0.0000000000000000     
   569.200012       0.0000000000000000     
   569.299988       0.0000000000000000     
   569.400024       0.0000000000000000     
   569.500000       0.0000000000000000     
   569.599976       0.0000000000000000     
   569.700012       0.0000000000000000     
   569.799988       0.0000000000000000     
   569.900024       0.0000000000000000     
   570.000000       0.0000000000000000     
   570.099976       0.0000000000000000     
   570.200012       0.0000000000000000     
   570.299988       0.0000000000000000     
   570.400024       0.0000000000000000     
   570.500000       0.0000000000000000     
   570.599976       0.0000000000000000     
   570.700012       0.0000000000000000     
   570.799988       0.0000000000000000     
   570.900024       0.0000000000000000     
   571.000000       0.0000000000000000     
   571.099976       0.0000000000000000     
   571.200012       0.0000000000000000     
   571.299988       0.0000000000000000     
   571.400024       0.0000000000000000     
   571.500000       0.0000000000000000     
   571.599976       0.0000000000000000     
   571.700012       0.0000000000000000     
   571.799988       0.0000000000000000     
   571.900024       0.0000000000000000     
   572.000000       0.0000000000000000     
   572.099976       0.0000000000000000     
   572.200012       0.0000000000000000     
   572.299988       0.0000000000000000     
   572.400024       0.0000000000000000     
   572.500000       0.0000000000000000     
   572.599976       0.0000000000000000     
   572.700012       0.0000000000000000     
   572.799988       0.0000000000000000     
   572.900024       0.0000000000000000     
   573.000000       0.0000000000000000     
   573.099976       0.0000000000000000     
   573.200012       0.0000000000000000     
   573.299988       0.0000000000000000     
   573.400024       0.0000000000000000     
   573.500000       0.0000000000000000     
   573.599976       0.0000000000000000     
   573.700012       0.0000000000000000     
   573.799988       0.0000000000000000     
   573.900024       0.0000000000000000     
   574.000000       0.0000000000000000     
   574.099976       0.0000000000000000     
   574.200012       0.0000000000000000     
   574.299988       0.0000000000000000     
   574.400024       0.0000000000000000     
   574.500000       0.0000000000000000     
   574.599976       0.0000000000000000     
   574.700012       1.4016960853307744E-006
   574.799988       0.0000000000000000     
   574.900024       0.0000000000000000     
   575.000000       0.0000000000000000     
   575.099976       0.0000000000000000     
   575.200012       0.0000000000000000     
   575.299988       0.0000000000000000     
   575.400024       0.0000000000000000     
   575.500000       0.0000000000000000     
   575.599976       0.0000000000000000     
   575.700012       0.0000000000000000     
   575.799988       1.4003566985820849E-006
   575.900024       0.0000000000000000     
   576.000000       0.0000000000000000     
   576.099976       0.0000000000000000     
   576.200012       0.0000000000000000     
   576.299988       0.0000000000000000     
   576.400024       0.0000000000000000     
   576.500000       0.0000000000000000     
   576.599976       0.0000000000000000     
   576.700012       0.0000000000000000     
   576.799988       0.0000000000000000     
   576.900024       0.0000000000000000     
   577.000000       0.0000000000000000     
   577.099976       0.0000000000000000     
   577.200012       0.0000000000000000     
   577.299988       0.0000000000000000     
   577.400024       0.0000000000000000     
   577.500000       0.0000000000000000     
   577.599976       0.0000000000000000     
   577.700012       0.0000000000000000     
   577.799988       0.0000000000000000     
   577.900024       0.0000000000000000     
   578.000000       0.0000000000000000     
   578.099976       0.0000000000000000     
   578.200012       0.0000000000000000     
   578.299988       0.0000000000000000     
   578.400024       0.0000000000000000     
   578.500000       0.0000000000000000     
   578.599976       0.0000000000000000     
   578.700012       0.0000000000000000     
   578.799988       0.0000000000000000     
   578.900024       0.0000000000000000     
   579.000000       0.0000000000000000     
   579.099976       0.0000000000000000     
   579.200012       0.0000000000000000     
   579.299988       0.0000000000000000     
   579.400024       0.0000000000000000     
   579.500000       0.0000000000000000     
   579.599976       0.0000000000000000     
   579.700012       0.0000000000000000     
   579.799988       0.0000000000000000     
   579.900024       0.0000000000000000     
   580.000000       0.0000000000000000     
   580.099976       0.0000000000000000     
   580.200012       0.0000000000000000     
   580.299988       0.0000000000000000     
   580.400024       0.0000000000000000     
   580.500000       0.0000000000000000     
   580.599976       0.0000000000000000     
   580.700012       0.0000000000000000     
   580.799988       0.0000000000000000     
   580.900024       0.0000000000000000     
   581.000000       0.0000000000000000     
   581.099976       0.0000000000000000     
   581.200012       0.0000000000000000     
   581.299988       0.0000000000000000     
   581.400024       0.0000000000000000     
   581.500000       0.0000000000000000     
   581.599976       0.0000000000000000     
   581.700012       0.0000000000000000     
   581.799988       0.0000000000000000     
   581.900024       0.0000000000000000     
   582.000000       0.0000000000000000     
   582.099976       0.0000000000000000     
   582.200012       0.0000000000000000     
   582.299988       0.0000000000000000     
   582.400024       0.0000000000000000     
   582.500000       0.0000000000000000     
   582.599976       0.0000000000000000     
   582.700012       0.0000000000000000     
   582.799988       0.0000000000000000     
   582.900024       0.0000000000000000     
   583.000000       0.0000000000000000     
   583.099976       0.0000000000000000     
   583.200012       0.0000000000000000     
   583.299988       0.0000000000000000     
   583.400024       0.0000000000000000     
   583.500000       0.0000000000000000     
   583.599976       0.0000000000000000     
   583.700012       0.0000000000000000     
   583.799988       0.0000000000000000     
   583.900024       0.0000000000000000     
   584.000000       0.0000000000000000     
   584.099976       0.0000000000000000     
   584.200012       0.0000000000000000     
   584.299988       0.0000000000000000     
   584.400024       0.0000000000000000     
   584.500000       0.0000000000000000     
   584.599976       0.0000000000000000     
   584.700012       0.0000000000000000     
   584.799988       0.0000000000000000     
   584.900024       0.0000000000000000     
   585.000000       0.0000000000000000     
   585.099976       0.0000000000000000     
   585.200012       0.0000000000000000     
   585.299988       0.0000000000000000     
   585.400024       0.0000000000000000     
   585.500000       0.0000000000000000     
   585.599976       0.0000000000000000     
   585.700012       0.0000000000000000     
   585.799988       0.0000000000000000     
   585.900024       0.0000000000000000     
   586.000000       0.0000000000000000     
   586.099976       0.0000000000000000     
   586.200012       0.0000000000000000     
   586.299988       0.0000000000000000     
   586.400024       0.0000000000000000     
   586.500000       0.0000000000000000     
   586.599976       0.0000000000000000     
   586.700012       0.0000000000000000     
   586.799988       0.0000000000000000     
   586.900024       0.0000000000000000     
   587.000000       0.0000000000000000     
   587.099976       0.0000000000000000     
   587.200012       0.0000000000000000     
   587.299988       0.0000000000000000     
   587.400024       0.0000000000000000     
   587.500000       0.0000000000000000     
   587.599976       0.0000000000000000     
   587.700012       0.0000000000000000     
   587.799988       0.0000000000000000     
   587.900024       0.0000000000000000     
   588.000000       0.0000000000000000     
   588.099976       0.0000000000000000     
   588.200012       0.0000000000000000     
   588.299988       0.0000000000000000     
   588.400024       0.0000000000000000     
   588.500000       0.0000000000000000     
   588.599976       0.0000000000000000     
   588.700012       0.0000000000000000     
   588.799988       0.0000000000000000     
   588.900024       0.0000000000000000     
   589.000000       0.0000000000000000     
   589.099976       0.0000000000000000     
   589.200012       0.0000000000000000     
   589.299988       0.0000000000000000     
   589.400024       0.0000000000000000     
   589.500000       0.0000000000000000     
   589.599976       0.0000000000000000     
   589.700012       0.0000000000000000     
   589.799988       0.0000000000000000     
   589.900024       0.0000000000000000     
   590.000000       0.0000000000000000     
   590.099976       0.0000000000000000     
   590.200012       0.0000000000000000     
   590.299988       0.0000000000000000     
   590.400024       0.0000000000000000     
   590.500000       0.0000000000000000     
   590.599976       0.0000000000000000     
   590.700012       0.0000000000000000     
   590.799988       0.0000000000000000     
   590.900024       0.0000000000000000     
   591.000000       0.0000000000000000     
   591.099976       0.0000000000000000     
   591.200012       0.0000000000000000     
   591.299988       0.0000000000000000     
   591.400024       0.0000000000000000     
   591.500000       0.0000000000000000     
   591.599976       0.0000000000000000     
   591.700012       0.0000000000000000     
   591.799988       0.0000000000000000     
   591.900024       0.0000000000000000     
   592.000000       0.0000000000000000     
   592.099976       0.0000000000000000     
   592.200012       0.0000000000000000     
   592.299988       0.0000000000000000     
   592.400024       0.0000000000000000     
   592.500000       0.0000000000000000     
   592.599976       0.0000000000000000     
   592.700012       0.0000000000000000     
   592.799988       0.0000000000000000     
   592.900024       0.0000000000000000     
   593.000000       0.0000000000000000     
   593.099976       0.0000000000000000     
   593.200012       0.0000000000000000     
   593.299988       0.0000000000000000     
   593.400024       0.0000000000000000     
   593.500000       0.0000000000000000     
   593.599976       0.0000000000000000     
   593.700012       0.0000000000000000     
   593.799988       0.0000000000000000     
   593.900024       0.0000000000000000     
   594.000000       0.0000000000000000     
   594.099976       0.0000000000000000     
   594.200012       0.0000000000000000     
   594.299988       0.0000000000000000     
   594.400024       0.0000000000000000     
   594.500000       0.0000000000000000     
   594.599976       0.0000000000000000     
   594.700012       0.0000000000000000     
   594.799988       0.0000000000000000     
   594.900024       0.0000000000000000     
   595.000000       0.0000000000000000     
   595.099976       0.0000000000000000     
   595.200012       0.0000000000000000     
   595.299988       0.0000000000000000     
   595.400024       0.0000000000000000     
   595.500000       0.0000000000000000     
   595.599976       0.0000000000000000     
   595.700012       0.0000000000000000     
   595.799988       0.0000000000000000     
   595.900024       0.0000000000000000     
   596.000000       0.0000000000000000     
   596.099976       0.0000000000000000     
   596.200012       0.0000000000000000     
   596.299988       0.0000000000000000     
   596.400024       0.0000000000000000     
   596.500000       0.0000000000000000     
   596.599976       0.0000000000000000     
   596.700012       0.0000000000000000     
   596.799988       0.0000000000000000     
   596.900024       0.0000000000000000     
   597.000000       0.0000000000000000     
   597.099976       0.0000000000000000     
   597.200012       0.0000000000000000     
   597.299988       0.0000000000000000     
   597.400024       0.0000000000000000     
   597.500000       0.0000000000000000     
   597.599976       0.0000000000000000     
   597.700012       0.0000000000000000     
   597.799988       0.0000000000000000     
   597.900024       0.0000000000000000     
   598.000000       0.0000000000000000     
   598.099976       0.0000000000000000     
   598.200012       0.0000000000000000     
   598.299988       0.0000000000000000     
   598.400024       0.0000000000000000     
   598.500000       0.0000000000000000     
   598.599976       0.0000000000000000     
   598.700012       0.0000000000000000     
   598.799988       0.0000000000000000     
   598.900024       0.0000000000000000     
   599.000000       0.0000000000000000     
   599.099976       0.0000000000000000     
   599.200012       0.0000000000000000     
   599.299988       0.0000000000000000     
   599.400024       0.0000000000000000     
   599.500000       0.0000000000000000     
   599.599976       0.0000000000000000     
   599.700012       0.0000000000000000     
   599.799988       0.0000000000000000     
   599.900024       0.0000000000000000     
   600.000000       0.0000000000000000     
   600.099976       0.0000000000000000     
   600.200012       0.0000000000000000     
   600.299988       0.0000000000000000     
   600.400024       0.0000000000000000     
   600.500000       0.0000000000000000     
   600.599976       0.0000000000000000     
   600.700012       0.0000000000000000     
   600.799988       0.0000000000000000     
   600.900024       1.3708002028423262E-006
   601.000000       0.0000000000000000     
   601.099976       0.0000000000000000     
   601.200012       0.0000000000000000     
   601.299988       0.0000000000000000     
   601.400024       0.0000000000000000     
   601.500000       0.0000000000000000     
   601.599976       0.0000000000000000     
   601.700012       0.0000000000000000     
   601.799988       0.0000000000000000     
   601.900024       0.0000000000000000     
   602.000000       0.0000000000000000     
   602.099976       0.0000000000000000     
   602.200012       0.0000000000000000     
   602.299988       0.0000000000000000     
   602.400024       0.0000000000000000     
   602.500000       0.0000000000000000     
   602.599976       0.0000000000000000     
   602.700012       0.0000000000000000     
   602.799988       0.0000000000000000     
   602.900024       0.0000000000000000     
   603.000000       0.0000000000000000     
   603.099976       0.0000000000000000     
   603.200012       0.0000000000000000     
   603.299988       0.0000000000000000     
   603.400024       0.0000000000000000     
   603.500000       0.0000000000000000     
   603.599976       0.0000000000000000     
   603.700012       0.0000000000000000     
   603.799988       0.0000000000000000     
   603.900024       0.0000000000000000     
   604.000000       0.0000000000000000     
   604.099976       0.0000000000000000     
   604.200012       0.0000000000000000     
   604.299988       0.0000000000000000     
   604.400024       0.0000000000000000     
   604.500000       0.0000000000000000     
   604.599976       0.0000000000000000     
   604.700012       0.0000000000000000     
   604.799988       0.0000000000000000     
   604.900024       0.0000000000000000     
   605.000000       0.0000000000000000     
   605.099976       0.0000000000000000     
   605.200012       0.0000000000000000     
   605.299988       0.0000000000000000     
   605.400024       0.0000000000000000     
   605.500000       0.0000000000000000     
   605.599976       0.0000000000000000     
   605.700012       0.0000000000000000     
   605.799988       0.0000000000000000     
   605.900024       0.0000000000000000     
   606.000000       0.0000000000000000     
   606.099976       0.0000000000000000     
   606.200012       0.0000000000000000     
   606.299988       0.0000000000000000     
   606.400024       0.0000000000000000     
   606.500000       0.0000000000000000     
   606.599976       0.0000000000000000     
   606.700012       0.0000000000000000     
   606.799988       0.0000000000000000     
   606.900024       0.0000000000000000     
   607.000000       0.0000000000000000     
   607.099976       0.0000000000000000     
   607.200012       0.0000000000000000     
   607.299988       0.0000000000000000     
   607.400024       0.0000000000000000     
   607.500000       0.0000000000000000     
   607.599976       0.0000000000000000     
   607.700012       0.0000000000000000     
   607.799988       0.0000000000000000     
   607.900024       0.0000000000000000     
   608.000000       0.0000000000000000     
   608.099976       0.0000000000000000     
   608.200012       0.0000000000000000     
   608.299988       0.0000000000000000     
   608.400024       0.0000000000000000     
   608.500000       0.0000000000000000     
   608.599976       0.0000000000000000     
   608.700012       0.0000000000000000     
   608.799988       0.0000000000000000     
   608.900024       0.0000000000000000     
   609.000000       0.0000000000000000     
   609.099976       0.0000000000000000     
   609.200012       0.0000000000000000     
   609.299988       0.0000000000000000     
   609.400024       0.0000000000000000     
   609.500000       0.0000000000000000     
   609.599976       0.0000000000000000     
   609.700012       0.0000000000000000     
   609.799988       0.0000000000000000     
   609.900024       0.0000000000000000     
   610.000000       0.0000000000000000     
   610.099976       0.0000000000000000     
   610.200012       0.0000000000000000     
   610.299988       0.0000000000000000     
   610.400024       0.0000000000000000     
   610.500000       0.0000000000000000     
   610.599976       0.0000000000000000     
   610.700012       0.0000000000000000     
   610.799988       0.0000000000000000     
   610.900024       0.0000000000000000     
   611.000000       0.0000000000000000     
   611.099976       0.0000000000000000     
   611.200012       0.0000000000000000     
   611.299988       0.0000000000000000     
   611.400024       0.0000000000000000     
   611.500000       0.0000000000000000     
   611.599976       0.0000000000000000     
   611.700012       0.0000000000000000     
   611.799988       0.0000000000000000     
   611.900024       0.0000000000000000     
   612.000000       0.0000000000000000     
   612.099976       0.0000000000000000     
   612.200012       0.0000000000000000     
   612.299988       0.0000000000000000     
   612.400024       0.0000000000000000     
   612.500000       0.0000000000000000     
   612.599976       0.0000000000000000     
   612.700012       0.0000000000000000     
   612.799988       0.0000000000000000     
   612.900024       0.0000000000000000     
   613.000000       0.0000000000000000     
   613.099976       0.0000000000000000     
   613.200012       0.0000000000000000     
   613.299988       0.0000000000000000     
   613.400024       0.0000000000000000     
   613.500000       0.0000000000000000     
   613.599976       0.0000000000000000     
   613.700012       0.0000000000000000     
   613.799988       0.0000000000000000     
   613.900024       0.0000000000000000     
   614.000000       0.0000000000000000     
   614.099976       0.0000000000000000     
   614.200012       0.0000000000000000     
   614.299988       0.0000000000000000     
   614.400024       0.0000000000000000     
   614.500000       0.0000000000000000     
   614.599976       0.0000000000000000     
   614.700012       0.0000000000000000     
   614.799988       0.0000000000000000     
   614.900024       0.0000000000000000     
   615.000000       0.0000000000000000     
   615.099976       0.0000000000000000     
   615.200012       0.0000000000000000     
   615.299988       0.0000000000000000     
   615.400024       0.0000000000000000     
   615.500000       0.0000000000000000     
   615.599976       0.0000000000000000     
   615.700012       0.0000000000000000     
   615.799988       0.0000000000000000     
   615.900024       1.3540060552178174E-006
   616.000000       0.0000000000000000     
   616.099976       0.0000000000000000     
   616.200012       0.0000000000000000     
   616.299988       0.0000000000000000     
   616.400024       0.0000000000000000     
   616.500000       0.0000000000000000     
   616.599976       0.0000000000000000     
   616.700012       0.0000000000000000     
   616.799988       0.0000000000000000     
   616.900024       0.0000000000000000     
   617.000000       0.0000000000000000     
   617.099976       0.0000000000000000     
   617.200012       0.0000000000000000     
   617.299988       0.0000000000000000     
   617.400024       0.0000000000000000     
   617.500000       0.0000000000000000     
   617.599976       0.0000000000000000     
   617.700012       0.0000000000000000     
   617.799988       0.0000000000000000     
   617.900024       0.0000000000000000     
   618.000000       0.0000000000000000     
   618.099976       0.0000000000000000     
   618.200012       0.0000000000000000     
   618.299988       0.0000000000000000     
   618.400024       0.0000000000000000     
   618.500000       0.0000000000000000     
   618.599976       0.0000000000000000     
   618.700012       0.0000000000000000     
   618.799988       0.0000000000000000     
   618.900024       0.0000000000000000     
   619.000000       0.0000000000000000     
   619.099976       0.0000000000000000     
   619.200012       0.0000000000000000     
   619.299988       0.0000000000000000     
   619.400024       0.0000000000000000     
   619.500000       0.0000000000000000     
   619.599976       0.0000000000000000     
   619.700012       0.0000000000000000     
   619.799988       0.0000000000000000     
   619.900024       0.0000000000000000     
   620.000000       0.0000000000000000     
   620.099976       0.0000000000000000     
   620.200012       0.0000000000000000     
   620.299988       0.0000000000000000     
   620.400024       0.0000000000000000     
   620.500000       0.0000000000000000     
   620.599976       0.0000000000000000     
   620.700012       0.0000000000000000     
   620.799988       0.0000000000000000     
   620.900024       0.0000000000000000     
   621.000000       0.0000000000000000     
   621.099976       0.0000000000000000     
   621.200012       0.0000000000000000     
   621.299988       0.0000000000000000     
   621.400024       0.0000000000000000     
   621.500000       0.0000000000000000     
   621.599976       0.0000000000000000     
   621.700012       0.0000000000000000     
   621.799988       0.0000000000000000     
   621.900024       0.0000000000000000     
   622.000000       0.0000000000000000     
   622.099976       0.0000000000000000     
   622.200012       0.0000000000000000     
   622.299988       0.0000000000000000     
   622.400024       0.0000000000000000     
   622.500000       0.0000000000000000     
   622.599976       0.0000000000000000     
   622.700012       0.0000000000000000     
   622.799988       0.0000000000000000     
   622.900024       0.0000000000000000     
   623.000000       0.0000000000000000     
   623.099976       0.0000000000000000     
   623.200012       0.0000000000000000     
   623.299988       0.0000000000000000     
   623.400024       0.0000000000000000     
   623.500000       0.0000000000000000     
   623.599976       0.0000000000000000     
   623.700012       0.0000000000000000     
   623.799988       0.0000000000000000     
   623.900024       0.0000000000000000     
   624.000000       0.0000000000000000     
   624.099976       0.0000000000000000     
   624.200012       0.0000000000000000     
   624.299988       0.0000000000000000     
   624.400024       0.0000000000000000     
   624.500000       0.0000000000000000     
   624.599976       0.0000000000000000     
   624.700012       0.0000000000000000     
   624.799988       0.0000000000000000     
   624.900024       0.0000000000000000     
   625.000000       0.0000000000000000     
   625.099976       0.0000000000000000     
   625.200012       0.0000000000000000     
   625.299988       0.0000000000000000     
   625.400024       0.0000000000000000     
   625.500000       0.0000000000000000     
   625.599976       0.0000000000000000     
   625.700012       0.0000000000000000     
   625.799988       0.0000000000000000     
   625.900024       0.0000000000000000     
   626.000000       0.0000000000000000     
   626.099976       0.0000000000000000     
   626.200012       0.0000000000000000     
   626.299988       0.0000000000000000     
   626.400024       0.0000000000000000     
   626.500000       0.0000000000000000     
   626.599976       0.0000000000000000     
   626.700012       0.0000000000000000     
   626.799988       0.0000000000000000     
   626.900024       0.0000000000000000     
   627.000000       0.0000000000000000     
   627.099976       0.0000000000000000     
   627.200012       0.0000000000000000     
   627.299988       0.0000000000000000     
   627.400024       0.0000000000000000     
   627.500000       0.0000000000000000     
   627.599976       0.0000000000000000     
   627.700012       0.0000000000000000     
   627.799988       0.0000000000000000     
   627.900024       0.0000000000000000     
   628.000000       0.0000000000000000     
   628.099976       0.0000000000000000     
   628.200012       0.0000000000000000     
   628.299988       0.0000000000000000     
   628.400024       0.0000000000000000     
   628.500000       0.0000000000000000     
   628.599976       0.0000000000000000     
   628.700012       0.0000000000000000     
   628.799988       0.0000000000000000     
   628.900024       0.0000000000000000     
   629.000000       0.0000000000000000     
   629.099976       0.0000000000000000     
   629.200012       0.0000000000000000     
   629.299988       0.0000000000000000     
   629.400024       0.0000000000000000     
   629.500000       0.0000000000000000     
   629.599976       0.0000000000000000     
   629.700012       0.0000000000000000     
   629.799988       0.0000000000000000     
   629.900024       0.0000000000000000     
   630.000000       0.0000000000000000     
   630.099976       0.0000000000000000     
   630.200012       0.0000000000000000     
   630.299988       0.0000000000000000     
   630.400024       0.0000000000000000     
   630.500000       0.0000000000000000     
   630.599976       0.0000000000000000     
   630.700012       0.0000000000000000     
   630.799988       0.0000000000000000     
   630.900024       0.0000000000000000     
   631.000000       0.0000000000000000     
   631.099976       0.0000000000000000     
   631.200012       0.0000000000000000     
   631.299988       0.0000000000000000     
   631.400024       0.0000000000000000     
   631.500000       0.0000000000000000     
   631.599976       0.0000000000000000     
   631.700012       0.0000000000000000     
   631.799988       0.0000000000000000     
   631.900024       0.0000000000000000     
   632.000000       0.0000000000000000     
   632.099976       0.0000000000000000     
   632.200012       0.0000000000000000     
   632.299988       0.0000000000000000     
   632.400024       0.0000000000000000     
   632.500000       0.0000000000000000     
   632.599976       0.0000000000000000     
   632.700012       0.0000000000000000     
   632.799988       0.0000000000000000     
   632.900024       0.0000000000000000     
   633.000000       0.0000000000000000     
   633.099976       0.0000000000000000     
   633.200012       0.0000000000000000     
   633.299988       0.0000000000000000     
   633.400024       0.0000000000000000     
   633.500000       0.0000000000000000     
   633.599976       0.0000000000000000     
   633.700012       0.0000000000000000     
   633.799988       0.0000000000000000     
   633.900024       0.0000000000000000     
   634.000000       0.0000000000000000     
   634.099976       0.0000000000000000     
   634.200012       0.0000000000000000     
   634.299988       0.0000000000000000     
   634.400024       0.0000000000000000     
   634.500000       0.0000000000000000     
   634.599976       0.0000000000000000     
   634.700012       0.0000000000000000     
   634.799988       0.0000000000000000     
   634.900024       0.0000000000000000     
   635.000000       0.0000000000000000     
   635.099976       0.0000000000000000     
   635.200012       0.0000000000000000     
   635.299988       0.0000000000000000     
   635.400024       0.0000000000000000     
   635.500000       0.0000000000000000     
   635.599976       0.0000000000000000     
   635.700012       0.0000000000000000     
   635.799988       0.0000000000000000     
   635.900024       0.0000000000000000     
   636.000000       0.0000000000000000     
   636.099976       0.0000000000000000     
   636.200012       0.0000000000000000     
   636.299988       0.0000000000000000     
   636.400024       0.0000000000000000     
   636.500000       0.0000000000000000     
   636.599976       0.0000000000000000     
   636.700012       0.0000000000000000     
   636.799988       0.0000000000000000     
   636.900024       0.0000000000000000     
   637.000000       0.0000000000000000     
   637.099976       0.0000000000000000     
   637.200012       0.0000000000000000     
   637.299988       0.0000000000000000     
   637.400024       0.0000000000000000     
   637.500000       0.0000000000000000     
   637.599976       0.0000000000000000     
   637.700012       0.0000000000000000     
   637.799988       0.0000000000000000     
   637.900024       0.0000000000000000     
   638.000000       0.0000000000000000     
   638.099976       0.0000000000000000     
   638.200012       0.0000000000000000     
   638.299988       0.0000000000000000     
   638.400024       0.0000000000000000     
   638.500000       0.0000000000000000     
   638.599976       0.0000000000000000     
   638.700012       0.0000000000000000     
   638.799988       0.0000000000000000     
   638.900024       0.0000000000000000     
   639.000000       0.0000000000000000     
   639.099976       0.0000000000000000     
   639.200012       0.0000000000000000     
   639.299988       0.0000000000000000     
   639.400024       0.0000000000000000     
   639.500000       0.0000000000000000     
   639.599976       0.0000000000000000     
   639.700012       0.0000000000000000     
   639.799988       0.0000000000000000     
   639.900024       0.0000000000000000     
   640.000000       0.0000000000000000     
   640.099976       0.0000000000000000     
   640.200012       0.0000000000000000     
   640.299988       0.0000000000000000     
   640.400024       0.0000000000000000     
   640.500000       0.0000000000000000     
   640.599976       0.0000000000000000     
   640.700012       0.0000000000000000     
   640.799988       0.0000000000000000     
   640.900024       0.0000000000000000     
   641.000000       0.0000000000000000     
   641.099976       0.0000000000000000     
   641.200012       0.0000000000000000     
   641.299988       0.0000000000000000     
   641.400024       0.0000000000000000     
   641.500000       0.0000000000000000     
   641.599976       0.0000000000000000     
   641.700012       0.0000000000000000     
   641.799988       0.0000000000000000     
   641.900024       0.0000000000000000     
   642.000000       0.0000000000000000     
   642.099976       0.0000000000000000     
   642.200012       0.0000000000000000     
   642.299988       0.0000000000000000     
   642.400024       0.0000000000000000     
   642.500000       0.0000000000000000     
   642.599976       0.0000000000000000     
   642.700012       0.0000000000000000     
   642.799988       0.0000000000000000     
   642.900024       0.0000000000000000     
   643.000000       0.0000000000000000     
   643.099976       0.0000000000000000     
   643.200012       0.0000000000000000     
   643.299988       0.0000000000000000     
   643.400024       0.0000000000000000     
   643.500000       0.0000000000000000     
   643.599976       0.0000000000000000     
   643.700012       0.0000000000000000     
   643.799988       0.0000000000000000     
   643.900024       0.0000000000000000     
   644.000000       0.0000000000000000     
   644.099976       0.0000000000000000     
   644.200012       0.0000000000000000     
   644.299988       0.0000000000000000     
   644.400024       0.0000000000000000     
   644.500000       0.0000000000000000     
   644.599976       0.0000000000000000     
   644.700012       0.0000000000000000     
   644.799988       0.0000000000000000     
   644.900024       0.0000000000000000     
   645.000000       0.0000000000000000     
   645.099976       0.0000000000000000     
   645.200012       0.0000000000000000     
   645.299988       0.0000000000000000     
   645.400024       0.0000000000000000     
   645.500000       0.0000000000000000     
   645.599976       0.0000000000000000     
   645.700012       0.0000000000000000     
   645.799988       0.0000000000000000     
   645.900024       0.0000000000000000     
   646.000000       0.0000000000000000     
   646.099976       0.0000000000000000     
   646.200012       0.0000000000000000     
   646.299988       0.0000000000000000     
   646.400024       0.0000000000000000     
   646.500000       0.0000000000000000     
   646.599976       0.0000000000000000     
   646.700012       0.0000000000000000     
   646.799988       0.0000000000000000     
   646.900024       0.0000000000000000     
   647.000000       0.0000000000000000     
   647.099976       0.0000000000000000     
   647.200012       0.0000000000000000     
   647.299988       0.0000000000000000     
   647.400024       0.0000000000000000     
   647.500000       0.0000000000000000     
   647.599976       0.0000000000000000     
   647.700012       0.0000000000000000     
   647.799988       0.0000000000000000     
   647.900024       0.0000000000000000     
   648.000000       0.0000000000000000     
   648.099976       0.0000000000000000     
   648.200012       0.0000000000000000     
   648.299988       0.0000000000000000     
   648.400024       0.0000000000000000     
   648.500000       0.0000000000000000     
   648.599976       0.0000000000000000     
   648.700012       0.0000000000000000     
   648.799988       0.0000000000000000     
   648.900024       0.0000000000000000     
   649.000000       0.0000000000000000     
   649.099976       0.0000000000000000     
   649.200012       0.0000000000000000     
   649.299988       0.0000000000000000     
   649.400024       0.0000000000000000     
   649.500000       0.0000000000000000     
   649.599976       0.0000000000000000     
   649.700012       0.0000000000000000     
   649.799988       0.0000000000000000     
   649.900024       0.0000000000000000     
   650.000000       0.0000000000000000     
   650.099976       0.0000000000000000     
   650.200012       0.0000000000000000     
   650.299988       0.0000000000000000     
   650.400024       0.0000000000000000     
   650.500000       0.0000000000000000     
   650.599976       0.0000000000000000     
   650.700012       0.0000000000000000     
   650.799988       0.0000000000000000     
   650.900024       0.0000000000000000     
   651.000000       0.0000000000000000     
   651.099976       0.0000000000000000     
   651.200012       0.0000000000000000     
   651.299988       0.0000000000000000     
   651.400024       0.0000000000000000     
   651.500000       0.0000000000000000     
   651.599976       0.0000000000000000     
   651.700012       0.0000000000000000     
   651.799988       0.0000000000000000     
   651.900024       0.0000000000000000     
   652.000000       0.0000000000000000     
   652.099976       0.0000000000000000     
   652.200012       0.0000000000000000     
   652.299988       0.0000000000000000     
   652.400024       0.0000000000000000     
   652.500000       0.0000000000000000     
   652.599976       0.0000000000000000     
   652.700012       0.0000000000000000     
   652.799988       0.0000000000000000     
   652.900024       0.0000000000000000     
   653.000000       0.0000000000000000     
   653.099976       0.0000000000000000     
   653.200012       0.0000000000000000     
   653.299988       0.0000000000000000     
   653.400024       0.0000000000000000     
   653.500000       0.0000000000000000     
   653.599976       0.0000000000000000     
   653.700012       0.0000000000000000     
   653.799988       0.0000000000000000     
   653.900024       0.0000000000000000     
   654.000000       0.0000000000000000     
   654.099976       0.0000000000000000     
   654.200012       0.0000000000000000     
   654.299988       0.0000000000000000     
   654.400024       0.0000000000000000     
   654.500000       0.0000000000000000     
   654.599976       0.0000000000000000     
   654.700012       0.0000000000000000     
   654.799988       0.0000000000000000     
   654.900024       0.0000000000000000     
   655.000000       0.0000000000000000     
   655.099976       0.0000000000000000     
   655.200012       0.0000000000000000     
   655.299988       0.0000000000000000     
   655.400024       0.0000000000000000     
   655.500000       0.0000000000000000     
   655.599976       0.0000000000000000     
   655.700012       0.0000000000000000     
   655.799988       0.0000000000000000     
   655.900024       0.0000000000000000     
   656.000000       0.0000000000000000     
   656.099976       0.0000000000000000     
   656.200012       0.0000000000000000     
   656.299988       0.0000000000000000     
   656.400024       0.0000000000000000     
   656.500000       0.0000000000000000     
   656.599976       0.0000000000000000     
   656.700012       0.0000000000000000     
   656.799988       0.0000000000000000     
   656.900024       0.0000000000000000     
   657.000000       0.0000000000000000     
   657.099976       0.0000000000000000     
   657.200012       0.0000000000000000     
   657.299988       0.0000000000000000     
   657.400024       0.0000000000000000     
   657.500000       0.0000000000000000     
   657.599976       0.0000000000000000     
   657.700012       0.0000000000000000     
   657.799988       0.0000000000000000     
   657.900024       0.0000000000000000     
   658.000000       0.0000000000000000     
   658.099976       0.0000000000000000     
   658.200012       0.0000000000000000     
   658.299988       0.0000000000000000     
   658.400024       0.0000000000000000     
   658.500000       0.0000000000000000     
   658.599976       0.0000000000000000     
   658.700012       0.0000000000000000     
   658.799988       0.0000000000000000     
   658.900024       0.0000000000000000     
   659.000000       0.0000000000000000     
   659.099976       0.0000000000000000     
   659.200012       0.0000000000000000     
   659.299988       0.0000000000000000     
   659.400024       0.0000000000000000     
   659.500000       0.0000000000000000     
   659.599976       0.0000000000000000     
   659.700012       0.0000000000000000     
   659.799988       0.0000000000000000     
   659.900024       0.0000000000000000     
   660.000000       0.0000000000000000     
   660.099976       0.0000000000000000     
   660.200012       0.0000000000000000     
   660.299988       0.0000000000000000     
   660.400024       0.0000000000000000     
   660.500000       0.0000000000000000     
   660.599976       0.0000000000000000     
   660.700012       0.0000000000000000     
   660.799988       0.0000000000000000     
   660.900024       0.0000000000000000     
   661.000000       0.0000000000000000     
   661.099976       0.0000000000000000     
   661.200012       0.0000000000000000     
   661.299988       0.0000000000000000     
   661.400024       0.0000000000000000     
   661.500000       0.0000000000000000     
   661.599976       0.0000000000000000     
   661.700012       0.0000000000000000     
   661.799988       0.0000000000000000     
   661.900024       0.0000000000000000     
   662.000000       0.0000000000000000     
   662.099976       0.0000000000000000     
   662.200012       0.0000000000000000     
   662.299988       0.0000000000000000     
   662.400024       0.0000000000000000     
   662.500000       0.0000000000000000     
   662.599976       0.0000000000000000     
   662.700012       0.0000000000000000     
   662.799988       0.0000000000000000     
   662.900024       0.0000000000000000     
   663.000000       0.0000000000000000     
   663.099976       0.0000000000000000     
   663.200012       0.0000000000000000     
   663.299988       0.0000000000000000     
   663.400024       0.0000000000000000     
   663.500000       0.0000000000000000     
   663.599976       0.0000000000000000     
   663.700012       0.0000000000000000     
   663.799988       0.0000000000000000     
   663.900024       0.0000000000000000     
   664.000000       0.0000000000000000     
   664.099976       0.0000000000000000     
   664.200012       0.0000000000000000     
   664.299988       0.0000000000000000     
   664.400024       0.0000000000000000     
   664.500000       0.0000000000000000     
   664.599976       0.0000000000000000     
   664.700012       0.0000000000000000     
   664.799988       0.0000000000000000     
   664.900024       0.0000000000000000     
   665.000000       0.0000000000000000     
   665.099976       0.0000000000000000     
   665.200012       0.0000000000000000     
   665.299988       0.0000000000000000     
   665.400024       0.0000000000000000     
   665.500000       0.0000000000000000     
   665.599976       0.0000000000000000     
   665.700012       0.0000000000000000     
   665.799988       0.0000000000000000     
   665.900024       0.0000000000000000     
   666.000000       0.0000000000000000     
   666.099976       0.0000000000000000     
   666.200012       0.0000000000000000     
   666.299988       0.0000000000000000     
   666.400024       0.0000000000000000     
   666.500000       0.0000000000000000     
   666.599976       0.0000000000000000     
   666.700012       0.0000000000000000     
   666.799988       0.0000000000000000     
   666.900024       0.0000000000000000     
   667.000000       0.0000000000000000     
   667.099976       0.0000000000000000     
   667.200012       0.0000000000000000     
   667.299988       0.0000000000000000     
   667.400024       0.0000000000000000     
   667.500000       0.0000000000000000     
   667.599976       0.0000000000000000     
   667.700012       0.0000000000000000     
   667.799988       0.0000000000000000     
   667.900024       0.0000000000000000     
   668.000000       0.0000000000000000     
   668.099976       0.0000000000000000     
   668.200012       0.0000000000000000     
   668.299988       0.0000000000000000     
   668.400024       0.0000000000000000     
   668.500000       0.0000000000000000     
   668.599976       0.0000000000000000     
   668.700012       0.0000000000000000     
   668.799988       0.0000000000000000     
   668.900024       0.0000000000000000     
   669.000000       0.0000000000000000     
   669.099976       0.0000000000000000     
   669.200012       0.0000000000000000     
   669.299988       0.0000000000000000     
   669.400024       0.0000000000000000     
   669.500000       0.0000000000000000     
   669.599976       0.0000000000000000     
   669.700012       0.0000000000000000     
   669.799988       0.0000000000000000     
   669.900024       0.0000000000000000     
   670.000000       0.0000000000000000     
   670.099976       0.0000000000000000     
   670.200012       0.0000000000000000     
   670.299988       0.0000000000000000     
   670.400024       0.0000000000000000     
   670.500000       0.0000000000000000     
   670.599976       0.0000000000000000     
   670.700012       1.2975168246159373E-006
   670.799988       0.0000000000000000     
   670.900024       0.0000000000000000     
   671.000000       0.0000000000000000     
   671.099976       0.0000000000000000     
   671.200012       0.0000000000000000     
   671.299988       0.0000000000000000     
   671.400024       0.0000000000000000     
   671.500000       0.0000000000000000     
   671.599976       0.0000000000000000     
   671.700012       0.0000000000000000     
   671.799988       0.0000000000000000     
   671.900024       0.0000000000000000     
   672.000000       0.0000000000000000     
   672.099976       0.0000000000000000     
   672.200012       0.0000000000000000     
   672.299988       0.0000000000000000     
   672.400024       0.0000000000000000     
   672.500000       0.0000000000000000     
   672.599976       0.0000000000000000     
   672.700012       0.0000000000000000     
   672.799988       0.0000000000000000     
   672.900024       0.0000000000000000     
   673.000000       0.0000000000000000     
   673.099976       0.0000000000000000     
   673.200012       0.0000000000000000     
   673.299988       0.0000000000000000     
   673.400024       0.0000000000000000     
   673.500000       0.0000000000000000     
   673.599976       0.0000000000000000     
   673.700012       0.0000000000000000     
   673.799988       0.0000000000000000     
   673.900024       0.0000000000000000     
   674.000000       0.0000000000000000     
   674.099976       0.0000000000000000     
   674.200012       0.0000000000000000     
   674.299988       0.0000000000000000     
   674.400024       0.0000000000000000     
   674.500000       0.0000000000000000     
   674.599976       0.0000000000000000     
   674.700012       0.0000000000000000     
   674.799988       0.0000000000000000     
   674.900024       0.0000000000000000     
   675.000000       0.0000000000000000     
   675.099976       0.0000000000000000     
   675.200012       0.0000000000000000     
   675.299988       0.0000000000000000     
   675.400024       0.0000000000000000     
   675.500000       0.0000000000000000     
   675.599976       0.0000000000000000     
   675.700012       0.0000000000000000     
   675.799988       0.0000000000000000     
   675.900024       0.0000000000000000     
   676.000000       0.0000000000000000     
   676.099976       0.0000000000000000     
   676.200012       0.0000000000000000     
   676.299988       0.0000000000000000     
   676.400024       0.0000000000000000     
   676.500000       0.0000000000000000     
   676.599976       0.0000000000000000     
   676.700012       0.0000000000000000     
   676.799988       0.0000000000000000     
   676.900024       0.0000000000000000     
   677.000000       0.0000000000000000     
   677.099976       0.0000000000000000     
   677.200012       0.0000000000000000     
   677.299988       0.0000000000000000     
   677.400024       0.0000000000000000     
   677.500000       0.0000000000000000     
   677.599976       0.0000000000000000     
   677.700012       0.0000000000000000     
   677.799988       0.0000000000000000     
   677.900024       0.0000000000000000     
   678.000000       0.0000000000000000     
   678.099976       0.0000000000000000     
   678.200012       0.0000000000000000     
   678.299988       0.0000000000000000     
   678.400024       0.0000000000000000     
   678.500000       0.0000000000000000     
   678.599976       0.0000000000000000     
   678.700012       0.0000000000000000     
   678.799988       0.0000000000000000     
   678.900024       0.0000000000000000     
   679.000000       0.0000000000000000     
   679.099976       0.0000000000000000     
   679.200012       0.0000000000000000     
   679.299988       0.0000000000000000     
   679.400024       0.0000000000000000     
   679.500000       0.0000000000000000     
   679.599976       0.0000000000000000     
   679.700012       0.0000000000000000     
   679.799988       0.0000000000000000     
   679.900024       0.0000000000000000     
   680.000000       0.0000000000000000     
   680.099976       0.0000000000000000     
   680.200012       0.0000000000000000     
   680.299988       0.0000000000000000     
   680.400024       0.0000000000000000     
   680.500000       0.0000000000000000     
   680.599976       0.0000000000000000     
   680.700012       0.0000000000000000     
   680.799988       0.0000000000000000     
   680.900024       0.0000000000000000     
   681.000000       0.0000000000000000     
   681.099976       0.0000000000000000     
   681.200012       0.0000000000000000     
   681.299988       0.0000000000000000     
   681.400024       0.0000000000000000     
   681.500000       0.0000000000000000     
   681.599976       0.0000000000000000     
   681.700012       0.0000000000000000     
   681.799988       0.0000000000000000     
   681.900024       0.0000000000000000     
   682.000000       0.0000000000000000     
   682.099976       0.0000000000000000     
   682.200012       0.0000000000000000     
   682.299988       0.0000000000000000     
   682.400024       0.0000000000000000     
   682.500000       0.0000000000000000     
   682.599976       0.0000000000000000     
   682.700012       0.0000000000000000     
   682.799988       0.0000000000000000     
   682.900024       0.0000000000000000     
   683.000000       0.0000000000000000     
   683.099976       0.0000000000000000     
   683.200012       0.0000000000000000     
   683.299988       0.0000000000000000     
   683.400024       0.0000000000000000     
   683.500000       0.0000000000000000     
   683.599976       0.0000000000000000     
   683.700012       0.0000000000000000     
   683.799988       0.0000000000000000     
   683.900024       0.0000000000000000     
   684.000000       0.0000000000000000     
   684.099976       0.0000000000000000     
   684.200012       0.0000000000000000     
   684.299988       0.0000000000000000     
   684.400024       0.0000000000000000     
   684.500000       0.0000000000000000     
   684.599976       0.0000000000000000     
   684.700012       0.0000000000000000     
   684.799988       0.0000000000000000     
   684.900024       0.0000000000000000     
   685.000000       0.0000000000000000     
   685.099976       0.0000000000000000     
   685.200012       0.0000000000000000     
   685.299988       0.0000000000000000     
   685.400024       0.0000000000000000     
   685.500000       0.0000000000000000     
   685.599976       0.0000000000000000     
   685.700012       0.0000000000000000     
   685.799988       0.0000000000000000     
   685.900024       0.0000000000000000     
   686.000000       0.0000000000000000     
   686.099976       0.0000000000000000     
   686.200012       0.0000000000000000     
   686.299988       0.0000000000000000     
   686.400024       0.0000000000000000     
   686.500000       0.0000000000000000     
   686.599976       0.0000000000000000     
   686.700012       0.0000000000000000     
   686.799988       0.0000000000000000     
   686.900024       0.0000000000000000     
   687.000000       0.0000000000000000     
   687.099976       0.0000000000000000     
   687.200012       0.0000000000000000     
   687.299988       0.0000000000000000     
   687.400024       0.0000000000000000     
   687.500000       0.0000000000000000     
   687.599976       0.0000000000000000     
   687.700012       0.0000000000000000     
   687.799988       0.0000000000000000     
   687.900024       0.0000000000000000     
   688.000000       0.0000000000000000     
   688.099976       0.0000000000000000     
   688.200012       0.0000000000000000     
   688.299988       0.0000000000000000     
   688.400024       0.0000000000000000     
   688.500000       0.0000000000000000     
   688.599976       0.0000000000000000     
   688.700012       0.0000000000000000     
   688.799988       0.0000000000000000     
   688.900024       0.0000000000000000     
   689.000000       0.0000000000000000     
   689.099976       0.0000000000000000     
   689.200012       0.0000000000000000     
   689.299988       0.0000000000000000     
   689.400024       0.0000000000000000     
   689.500000       0.0000000000000000     
   689.599976       0.0000000000000000     
   689.700012       0.0000000000000000     
   689.799988       0.0000000000000000     
   689.900024       0.0000000000000000     
   690.000000       0.0000000000000000     
   690.099976       0.0000000000000000     
   690.200012       0.0000000000000000     
   690.299988       0.0000000000000000     
   690.400024       0.0000000000000000     
   690.500000       0.0000000000000000     
   690.599976       0.0000000000000000     
   690.700012       0.0000000000000000     
   690.799988       0.0000000000000000     
   690.900024       0.0000000000000000     
   691.000000       0.0000000000000000     
   691.099976       0.0000000000000000     
   691.200012       0.0000000000000000     
   691.299988       0.0000000000000000     
   691.400024       0.0000000000000000     
   691.500000       0.0000000000000000     
   691.599976       0.0000000000000000     
   691.700012       0.0000000000000000     
   691.799988       0.0000000000000000     
   691.900024       0.0000000000000000     
   692.000000       0.0000000000000000     
   692.099976       0.0000000000000000     
   692.200012       0.0000000000000000     
   692.299988       0.0000000000000000     
   692.400024       0.0000000000000000     
   692.500000       0.0000000000000000     
   692.599976       0.0000000000000000     
   692.700012       0.0000000000000000     
   692.799988       0.0000000000000000     
   692.900024       0.0000000000000000     
   693.000000       0.0000000000000000     
   693.099976       0.0000000000000000     
   693.200012       0.0000000000000000     
   693.299988       0.0000000000000000     
   693.400024       0.0000000000000000     
   693.500000       0.0000000000000000     
   693.599976       0.0000000000000000     
   693.700012       0.0000000000000000     
   693.799988       0.0000000000000000     
   693.900024       0.0000000000000000     
   694.000000       0.0000000000000000     
   694.099976       0.0000000000000000     
   694.200012       0.0000000000000000     
   694.299988       0.0000000000000000     
   694.400024       0.0000000000000000     
   694.500000       0.0000000000000000     
   694.599976       0.0000000000000000     
   694.700012       0.0000000000000000     
   694.799988       0.0000000000000000     
   694.900024       0.0000000000000000     
   695.000000       0.0000000000000000     
   695.099976       0.0000000000000000     
   695.200012       0.0000000000000000     
   695.299988       0.0000000000000000     
   695.400024       0.0000000000000000     
   695.500000       0.0000000000000000     
   695.599976       0.0000000000000000     
   695.700012       0.0000000000000000     
   695.799988       0.0000000000000000     
   695.900024       0.0000000000000000     
   696.000000       0.0000000000000000     
   696.099976       0.0000000000000000     
   696.200012       0.0000000000000000     
   696.299988       0.0000000000000000     
   696.400024       0.0000000000000000     
   696.500000       0.0000000000000000     
   696.599976       0.0000000000000000     
   696.700012       0.0000000000000000     
   696.799988       0.0000000000000000     
   696.900024       0.0000000000000000     
   697.000000       0.0000000000000000     
   697.099976       0.0000000000000000     
   697.200012       0.0000000000000000     
   697.299988       0.0000000000000000     
   697.400024       0.0000000000000000     
   697.500000       0.0000000000000000     
   697.599976       0.0000000000000000     
   697.700012       0.0000000000000000     
   697.799988       0.0000000000000000     
   697.900024       0.0000000000000000     
   698.000000       0.0000000000000000     
   698.099976       0.0000000000000000     
   698.200012       0.0000000000000000     
   698.299988       0.0000000000000000     
   698.400024       0.0000000000000000     
   698.500000       0.0000000000000000     
   698.599976       0.0000000000000000     
   698.700012       0.0000000000000000     
   698.799988       0.0000000000000000     
   698.900024       0.0000000000000000     
   699.000000       0.0000000000000000     
   699.099976       0.0000000000000000     
   699.200012       0.0000000000000000     
   699.299988       0.0000000000000000     
   699.400024       0.0000000000000000     
   699.500000       0.0000000000000000     
   699.599976       0.0000000000000000     
   699.700012       0.0000000000000000     
   699.799988       0.0000000000000000     
   699.900024       0.0000000000000000     
   700.000000       0.0000000000000000     
   700.099976       0.0000000000000000     
   700.200012       0.0000000000000000     
   700.299988       0.0000000000000000     
   700.400024       0.0000000000000000     
   700.500000       0.0000000000000000     
   700.599976       0.0000000000000000     
   700.700012       0.0000000000000000     
   700.799988       0.0000000000000000     
   700.900024       0.0000000000000000     
   701.000000       0.0000000000000000     
   701.099976       0.0000000000000000     
   701.200012       0.0000000000000000     
   701.299988       0.0000000000000000     
   701.400024       0.0000000000000000     
   701.500000       0.0000000000000000     
   701.599976       0.0000000000000000     
   701.700012       0.0000000000000000     
   701.799988       0.0000000000000000     
   701.900024       0.0000000000000000     
   702.000000       0.0000000000000000     
   702.099976       0.0000000000000000     
   702.200012       0.0000000000000000     
   702.299988       0.0000000000000000     
   702.400024       0.0000000000000000     
   702.500000       0.0000000000000000     
   702.599976       0.0000000000000000     
   702.700012       0.0000000000000000     
   702.799988       0.0000000000000000     
   702.900024       0.0000000000000000     
   703.000000       0.0000000000000000     
   703.099976       0.0000000000000000     
   703.200012       0.0000000000000000     
   703.299988       0.0000000000000000     
   703.400024       0.0000000000000000     
   703.500000       0.0000000000000000     
   703.599976       0.0000000000000000     
   703.700012       0.0000000000000000     
   703.799988       0.0000000000000000     
   703.900024       0.0000000000000000     
   704.000000       0.0000000000000000     
   704.099976       0.0000000000000000     
   704.200012       0.0000000000000000     
   704.299988       0.0000000000000000     
   704.400024       0.0000000000000000     
   704.500000       0.0000000000000000     
   704.599976       0.0000000000000000     
   704.700012       0.0000000000000000     
   704.799988       0.0000000000000000     
   704.900024       0.0000000000000000     
   705.000000       0.0000000000000000     
   705.099976       0.0000000000000000     
   705.200012       0.0000000000000000     
   705.299988       0.0000000000000000     
   705.400024       0.0000000000000000     
   705.500000       0.0000000000000000     
   705.599976       0.0000000000000000     
   705.700012       0.0000000000000000     
   705.799988       0.0000000000000000     
   705.900024       0.0000000000000000     
   706.000000       0.0000000000000000     
   706.099976       0.0000000000000000     
   706.200012       0.0000000000000000     
   706.299988       0.0000000000000000     
   706.400024       0.0000000000000000     
   706.500000       0.0000000000000000     
   706.599976       0.0000000000000000     
   706.700012       0.0000000000000000     
   706.799988       0.0000000000000000     
   706.900024       0.0000000000000000     
   707.000000       0.0000000000000000     
   707.099976       0.0000000000000000     
   707.200012       0.0000000000000000     
   707.299988       0.0000000000000000     
   707.400024       0.0000000000000000     
   707.500000       0.0000000000000000     
   707.599976       0.0000000000000000     
   707.700012       0.0000000000000000     
   707.799988       0.0000000000000000     
   707.900024       0.0000000000000000     
   708.000000       0.0000000000000000     
   708.099976       0.0000000000000000     
   708.200012       0.0000000000000000     
   708.299988       0.0000000000000000     
   708.400024       0.0000000000000000     
   708.500000       0.0000000000000000     
   708.599976       0.0000000000000000     
   708.700012       0.0000000000000000     
   708.799988       0.0000000000000000     
   708.900024       0.0000000000000000     
   709.000000       0.0000000000000000     
   709.099976       0.0000000000000000     
   709.200012       0.0000000000000000     
   709.299988       0.0000000000000000     
   709.400024       0.0000000000000000     
   709.500000       0.0000000000000000     
   709.599976       0.0000000000000000     
   709.700012       0.0000000000000000     
   709.799988       0.0000000000000000     
   709.900024       0.0000000000000000     
   710.000000       0.0000000000000000     
   710.099976       0.0000000000000000     
   710.200012       0.0000000000000000     
   710.299988       0.0000000000000000     
   710.400024       0.0000000000000000     
   710.500000       0.0000000000000000     
   710.599976       0.0000000000000000     
   710.700012       0.0000000000000000     
   710.799988       0.0000000000000000     
   710.900024       0.0000000000000000     
   711.000000       0.0000000000000000     
   711.099976       0.0000000000000000     
   711.200012       0.0000000000000000     
   711.299988       0.0000000000000000     
   711.400024       0.0000000000000000     
   711.500000       0.0000000000000000     
   711.599976       0.0000000000000000     
   711.700012       0.0000000000000000     
   711.799988       0.0000000000000000     
   711.900024       0.0000000000000000     
   712.000000       0.0000000000000000     
   712.099976       0.0000000000000000     
   712.200012       0.0000000000000000     
   712.299988       0.0000000000000000     
   712.400024       0.0000000000000000     
   712.500000       0.0000000000000000     
   712.599976       0.0000000000000000     
   712.700012       0.0000000000000000     
   712.799988       0.0000000000000000     
   712.900024       0.0000000000000000     
   713.000000       0.0000000000000000     
   713.099976       0.0000000000000000     
   713.200012       0.0000000000000000     
   713.299988       0.0000000000000000     
   713.400024       0.0000000000000000     
   713.500000       0.0000000000000000     
   713.599976       0.0000000000000000     
   713.700012       0.0000000000000000     
   713.799988       0.0000000000000000     
   713.900024       0.0000000000000000     
   714.000000       0.0000000000000000     
   714.099976       0.0000000000000000     
   714.200012       0.0000000000000000     
   714.299988       0.0000000000000000     
   714.400024       0.0000000000000000     
   714.500000       0.0000000000000000     
   714.599976       0.0000000000000000     
   714.700012       0.0000000000000000     
   714.799988       0.0000000000000000     
   714.900024       0.0000000000000000     
   715.000000       0.0000000000000000     
   715.099976       0.0000000000000000     
   715.200012       0.0000000000000000     
   715.299988       0.0000000000000000     
   715.400024       0.0000000000000000     
   715.500000       0.0000000000000000     
   715.599976       0.0000000000000000     
   715.700012       0.0000000000000000     
   715.799988       0.0000000000000000     
   715.900024       0.0000000000000000     
   716.000000       0.0000000000000000     
   716.099976       0.0000000000000000     
   716.200012       0.0000000000000000     
   716.299988       0.0000000000000000     
   716.400024       0.0000000000000000     
   716.500000       0.0000000000000000     
   716.599976       0.0000000000000000     
   716.700012       0.0000000000000000     
   716.799988       0.0000000000000000     
   716.900024       0.0000000000000000     
   717.000000       0.0000000000000000     
   717.099976       0.0000000000000000     
   717.200012       0.0000000000000000     
   717.299988       0.0000000000000000     
   717.400024       0.0000000000000000     
   717.500000       0.0000000000000000     
   717.599976       0.0000000000000000     
   717.700012       0.0000000000000000     
   717.799988       0.0000000000000000     
   717.900024       0.0000000000000000     
   718.000000       0.0000000000000000     
   718.099976       0.0000000000000000     
   718.200012       0.0000000000000000     
   718.299988       0.0000000000000000     
   718.400024       0.0000000000000000     
   718.500000       0.0000000000000000     
   718.599976       0.0000000000000000     
   718.700012       0.0000000000000000     
   718.799988       0.0000000000000000     
   718.900024       0.0000000000000000     
   719.000000       0.0000000000000000     
   719.099976       0.0000000000000000     
   719.200012       0.0000000000000000     
   719.299988       0.0000000000000000     
   719.400024       0.0000000000000000     
   719.500000       0.0000000000000000     
   719.599976       0.0000000000000000     
   719.700012       0.0000000000000000     
   719.799988       0.0000000000000000     
   719.900024       0.0000000000000000     
   720.000000       0.0000000000000000     
   720.099976       0.0000000000000000     
   720.200012       0.0000000000000000     
   720.299988       0.0000000000000000     
   720.400024       0.0000000000000000     
   720.500000       0.0000000000000000     
   720.599976       0.0000000000000000     
   720.700012       0.0000000000000000     
   720.799988       0.0000000000000000     
   720.900024       0.0000000000000000     
   721.000000       0.0000000000000000     
   721.099976       0.0000000000000000     
   721.200012       0.0000000000000000     
   721.299988       0.0000000000000000     
   721.400024       0.0000000000000000     
   721.500000       0.0000000000000000     
   721.599976       0.0000000000000000     
   721.700012       0.0000000000000000     
   721.799988       0.0000000000000000     
   721.900024       0.0000000000000000     
   722.000000       0.0000000000000000     
   722.099976       0.0000000000000000     
   722.200012       0.0000000000000000     
   722.299988       0.0000000000000000     
   722.400024       0.0000000000000000     
   722.500000       0.0000000000000000     
   722.599976       0.0000000000000000     
   722.700012       0.0000000000000000     
   722.799988       0.0000000000000000     
   722.900024       0.0000000000000000     
   723.000000       0.0000000000000000     
   723.099976       0.0000000000000000     
   723.200012       0.0000000000000000     
   723.299988       0.0000000000000000     
   723.400024       0.0000000000000000     
   723.500000       0.0000000000000000     
   723.599976       0.0000000000000000     
   723.700012       0.0000000000000000     
   723.799988       0.0000000000000000     
   723.900024       0.0000000000000000     
   724.000000       0.0000000000000000     
   724.099976       0.0000000000000000     
   724.200012       0.0000000000000000     
   724.299988       0.0000000000000000     
   724.400024       0.0000000000000000     
   724.500000       0.0000000000000000     
   724.599976       0.0000000000000000     
   724.700012       0.0000000000000000     
   724.799988       0.0000000000000000     
   724.900024       0.0000000000000000     
   725.000000       0.0000000000000000     
   725.099976       0.0000000000000000     
   725.200012       0.0000000000000000     
   725.299988       0.0000000000000000     
   725.400024       0.0000000000000000     
   725.500000       0.0000000000000000     
   725.599976       0.0000000000000000     
   725.700012       0.0000000000000000     
   725.799988       0.0000000000000000     
   725.900024       0.0000000000000000     
   726.000000       0.0000000000000000     
   726.099976       0.0000000000000000     
   726.200012       0.0000000000000000     
   726.299988       0.0000000000000000     
   726.400024       0.0000000000000000     
   726.500000       0.0000000000000000     
   726.599976       0.0000000000000000     
   726.700012       0.0000000000000000     
   726.799988       0.0000000000000000     
   726.900024       0.0000000000000000     
   727.000000       0.0000000000000000     
   727.099976       0.0000000000000000     
   727.200012       0.0000000000000000     
   727.299988       0.0000000000000000     
   727.400024       0.0000000000000000     
   727.500000       0.0000000000000000     
   727.599976       0.0000000000000000     
   727.700012       0.0000000000000000     
   727.799988       0.0000000000000000     
   727.900024       0.0000000000000000     
   728.000000       0.0000000000000000     
   728.099976       0.0000000000000000     
   728.200012       0.0000000000000000     
   728.299988       0.0000000000000000     
   728.400024       0.0000000000000000     
   728.500000       0.0000000000000000     
   728.599976       0.0000000000000000     
   728.700012       0.0000000000000000     
   728.799988       0.0000000000000000     
   728.900024       0.0000000000000000     
   729.000000       0.0000000000000000     
   729.099976       0.0000000000000000     
   729.200012       0.0000000000000000     
   729.299988       0.0000000000000000     
   729.400024       0.0000000000000000     
   729.500000       0.0000000000000000     
   729.599976       0.0000000000000000     
   729.700012       0.0000000000000000     
   729.799988       0.0000000000000000     
   729.900024       0.0000000000000000     
   730.000000       0.0000000000000000     
   730.099976       0.0000000000000000     
   730.200012       0.0000000000000000     
   730.299988       0.0000000000000000     
   730.400024       0.0000000000000000     
   730.500000       0.0000000000000000     
   730.599976       0.0000000000000000     
   730.700012       0.0000000000000000     
   730.799988       0.0000000000000000     
   730.900024       0.0000000000000000     
   731.000000       0.0000000000000000     
   731.099976       0.0000000000000000     
   731.200012       0.0000000000000000     
   731.299988       0.0000000000000000     
   731.400024       0.0000000000000000     
   731.500000       0.0000000000000000     
   731.599976       0.0000000000000000     
   731.700012       0.0000000000000000     
   731.799988       0.0000000000000000     
   731.900024       0.0000000000000000     
   732.000000       0.0000000000000000     
   732.099976       0.0000000000000000     
   732.200012       0.0000000000000000     
   732.299988       0.0000000000000000     
   732.400024       0.0000000000000000     
   732.500000       0.0000000000000000     
   732.599976       0.0000000000000000     
   732.700012       0.0000000000000000     
   732.799988       0.0000000000000000     
   732.900024       0.0000000000000000     
   733.000000       0.0000000000000000     
   733.099976       0.0000000000000000     
   733.200012       0.0000000000000000     
   733.299988       0.0000000000000000     
   733.400024       0.0000000000000000     
   733.500000       0.0000000000000000     
   733.599976       0.0000000000000000     
   733.700012       0.0000000000000000     
   733.799988       0.0000000000000000     
   733.900024       0.0000000000000000     
   734.000000       0.0000000000000000     
   734.099976       0.0000000000000000     
   734.200012       0.0000000000000000     
   734.299988       0.0000000000000000     
   734.400024       0.0000000000000000     
   734.500000       0.0000000000000000     
   734.599976       0.0000000000000000     
   734.700012       0.0000000000000000     
   734.799988       0.0000000000000000     
   734.900024       0.0000000000000000     
   735.000000       0.0000000000000000     
   735.099976       0.0000000000000000     
   735.200012       0.0000000000000000     
   735.299988       0.0000000000000000     
   735.400024       0.0000000000000000     
   735.500000       0.0000000000000000     
   735.599976       0.0000000000000000     
   735.700012       0.0000000000000000     
   735.799988       0.0000000000000000     
   735.900024       0.0000000000000000     
   736.000000       0.0000000000000000     
   736.099976       0.0000000000000000     
   736.200012       0.0000000000000000     
   736.299988       0.0000000000000000     
   736.400024       0.0000000000000000     
   736.500000       0.0000000000000000     
   736.599976       0.0000000000000000     
   736.700012       0.0000000000000000     
   736.799988       0.0000000000000000     
   736.900024       0.0000000000000000     
   737.000000       0.0000000000000000     
   737.099976       0.0000000000000000     
   737.200012       0.0000000000000000     
   737.299988       0.0000000000000000     
   737.400024       0.0000000000000000     
   737.500000       0.0000000000000000     
   737.599976       0.0000000000000000     
   737.700012       0.0000000000000000     
   737.799988       0.0000000000000000     
   737.900024       0.0000000000000000     
   738.000000       0.0000000000000000     
   738.099976       0.0000000000000000     
   738.200012       0.0000000000000000     
   738.299988       0.0000000000000000     
   738.400024       0.0000000000000000     
   738.500000       0.0000000000000000     
   738.599976       0.0000000000000000     
   738.700012       0.0000000000000000     
   738.799988       0.0000000000000000     
   738.900024       0.0000000000000000     
   739.000000       0.0000000000000000     
   739.099976       0.0000000000000000     
   739.200012       0.0000000000000000     
   739.299988       0.0000000000000000     
   739.400024       0.0000000000000000     
   739.500000       0.0000000000000000     
   739.599976       0.0000000000000000     
   739.700012       0.0000000000000000     
   739.799988       0.0000000000000000     
   739.900024       0.0000000000000000     
   740.000000       0.0000000000000000     
   740.099976       0.0000000000000000     
   740.200012       0.0000000000000000     
   740.299988       0.0000000000000000     
   740.400024       0.0000000000000000     
   740.500000       0.0000000000000000     
   740.599976       0.0000000000000000     
   740.700012       0.0000000000000000     
   740.799988       0.0000000000000000     
   740.900024       0.0000000000000000     
   741.000000       0.0000000000000000     
   741.099976       0.0000000000000000     
   741.200012       0.0000000000000000     
   741.299988       0.0000000000000000     
   741.400024       0.0000000000000000     
   741.500000       0.0000000000000000     
   741.599976       0.0000000000000000     
   741.700012       0.0000000000000000     
   741.799988       0.0000000000000000     
   741.900024       0.0000000000000000     
   742.000000       0.0000000000000000     
   742.099976       0.0000000000000000     
   742.200012       0.0000000000000000     
   742.299988       0.0000000000000000     
   742.400024       0.0000000000000000     
   742.500000       0.0000000000000000     
   742.599976       0.0000000000000000     
   742.700012       0.0000000000000000     
   742.799988       0.0000000000000000     
   742.900024       0.0000000000000000     
   743.000000       0.0000000000000000     
   743.099976       0.0000000000000000     
   743.200012       0.0000000000000000     
   743.299988       0.0000000000000000     
   743.400024       0.0000000000000000     
   743.500000       0.0000000000000000     
   743.599976       0.0000000000000000     
   743.700012       0.0000000000000000     
   743.799988       0.0000000000000000     
   743.900024       0.0000000000000000     
   744.000000       0.0000000000000000     
   744.099976       0.0000000000000000     
   744.200012       0.0000000000000000     
   744.299988       0.0000000000000000     
   744.400024       0.0000000000000000     
   744.500000       0.0000000000000000     
   744.599976       0.0000000000000000     
   744.700012       0.0000000000000000     
   744.799988       0.0000000000000000     
   744.900024       0.0000000000000000     
   745.000000       0.0000000000000000     
   745.099976       0.0000000000000000     
   745.200012       0.0000000000000000     
   745.299988       0.0000000000000000     
   745.400024       0.0000000000000000     
   745.500000       0.0000000000000000     
   745.599976       0.0000000000000000     
   745.700012       0.0000000000000000     
   745.799988       0.0000000000000000     
   745.900024       0.0000000000000000     
   746.000000       0.0000000000000000     
   746.099976       0.0000000000000000     
   746.200012       0.0000000000000000     
   746.299988       0.0000000000000000     
   746.400024       0.0000000000000000     
   746.500000       0.0000000000000000     
   746.599976       0.0000000000000000     
   746.700012       0.0000000000000000     
   746.799988       0.0000000000000000     
   746.900024       0.0000000000000000     
   747.000000       0.0000000000000000     
   747.099976       0.0000000000000000     
   747.200012       0.0000000000000000     
   747.299988       0.0000000000000000     
   747.400024       0.0000000000000000     
   747.500000       0.0000000000000000     
   747.599976       0.0000000000000000     
   747.700012       0.0000000000000000     
   747.799988       0.0000000000000000     
   747.900024       0.0000000000000000     
   748.000000       0.0000000000000000     
   748.099976       0.0000000000000000     
   748.200012       0.0000000000000000     
   748.299988       0.0000000000000000     
   748.400024       0.0000000000000000     
   748.500000       0.0000000000000000     
   748.599976       0.0000000000000000     
   748.700012       0.0000000000000000     
   748.799988       0.0000000000000000     
   748.900024       0.0000000000000000     
   749.000000       0.0000000000000000     
   749.099976       0.0000000000000000     
   749.200012       0.0000000000000000     
   749.299988       0.0000000000000000     
   749.400024       0.0000000000000000     
   749.500000       0.0000000000000000     
   749.599976       0.0000000000000000     
   749.700012       0.0000000000000000     
   749.799988       0.0000000000000000     
   749.900024       0.0000000000000000     
   750.000000       0.0000000000000000     
   750.099976       0.0000000000000000     
   750.200012       0.0000000000000000     
   750.299988       0.0000000000000000     
   750.400024       0.0000000000000000     
   750.500000       0.0000000000000000     
   750.599976       0.0000000000000000     
   750.700012       0.0000000000000000     
   750.799988       0.0000000000000000     
   750.900024       0.0000000000000000     
   751.000000       0.0000000000000000     
   751.099976       0.0000000000000000     
   751.200012       0.0000000000000000     
   751.299988       0.0000000000000000     
   751.400024       0.0000000000000000     
   751.500000       0.0000000000000000     
   751.599976       0.0000000000000000     
   751.700012       0.0000000000000000     
   751.799988       0.0000000000000000     
   751.900024       0.0000000000000000     
   752.000000       0.0000000000000000     
   752.099976       0.0000000000000000     
   752.200012       0.0000000000000000     
   752.299988       0.0000000000000000     
   752.400024       0.0000000000000000     
   752.500000       0.0000000000000000     
   752.599976       0.0000000000000000     
   752.700012       0.0000000000000000     
   752.799988       0.0000000000000000     
   752.900024       0.0000000000000000     
   753.000000       0.0000000000000000     
   753.099976       0.0000000000000000     
   753.200012       0.0000000000000000     
   753.299988       0.0000000000000000     
   753.400024       0.0000000000000000     
   753.500000       0.0000000000000000     
   753.599976       0.0000000000000000     
   753.700012       0.0000000000000000     
   753.799988       0.0000000000000000     
   753.900024       0.0000000000000000     
   754.000000       0.0000000000000000     
   754.099976       0.0000000000000000     
   754.200012       0.0000000000000000     
   754.299988       0.0000000000000000     
   754.400024       0.0000000000000000     
   754.500000       0.0000000000000000     
   754.599976       0.0000000000000000     
   754.700012       0.0000000000000000     
   754.799988       0.0000000000000000     
   754.900024       0.0000000000000000     
   755.000000       0.0000000000000000     
   755.099976       0.0000000000000000     
   755.200012       0.0000000000000000     
   755.299988       0.0000000000000000     
   755.400024       0.0000000000000000     
   755.500000       0.0000000000000000     
   755.599976       0.0000000000000000     
   755.700012       0.0000000000000000     
   755.799988       0.0000000000000000     
   755.900024       0.0000000000000000     
   756.000000       0.0000000000000000     
   756.099976       0.0000000000000000     
   756.200012       0.0000000000000000     
   756.299988       0.0000000000000000     
   756.400024       0.0000000000000000     
   756.500000       0.0000000000000000     
   756.599976       0.0000000000000000     
   756.700012       0.0000000000000000     
   756.799988       0.0000000000000000     
   756.900024       0.0000000000000000     
   757.000000       0.0000000000000000     
   757.099976       0.0000000000000000     
   757.200012       0.0000000000000000     
   757.299988       0.0000000000000000     
   757.400024       0.0000000000000000     
   757.500000       0.0000000000000000     
   757.599976       0.0000000000000000     
   757.700012       0.0000000000000000     
   757.799988       0.0000000000000000     
   757.900024       0.0000000000000000     
   758.000000       0.0000000000000000     
   758.099976       0.0000000000000000     
   758.200012       0.0000000000000000     
   758.299988       0.0000000000000000     
   758.400024       0.0000000000000000     
   758.500000       0.0000000000000000     
   758.599976       0.0000000000000000     
   758.700012       0.0000000000000000     
   758.799988       0.0000000000000000     
   758.900024       0.0000000000000000     
   759.000000       0.0000000000000000     
   759.099976       0.0000000000000000     
   759.200012       0.0000000000000000     
   759.299988       0.0000000000000000     
   759.400024       0.0000000000000000     
   759.500000       0.0000000000000000     
   759.599976       0.0000000000000000     
   759.700012       0.0000000000000000     
   759.799988       0.0000000000000000     
   759.900024       0.0000000000000000     
   760.000000       0.0000000000000000     
   760.099976       0.0000000000000000     
   760.200012       0.0000000000000000     
   760.299988       0.0000000000000000     
   760.400024       0.0000000000000000     
   760.500000       0.0000000000000000     
   760.599976       0.0000000000000000     
   760.700012       0.0000000000000000     
   760.799988       0.0000000000000000     
   760.900024       0.0000000000000000     
   761.000000       0.0000000000000000     
   761.099976       0.0000000000000000     
   761.200012       0.0000000000000000     
   761.299988       0.0000000000000000     
   761.400024       0.0000000000000000     
   761.500000       0.0000000000000000     
   761.599976       0.0000000000000000     
   761.700012       0.0000000000000000     
   761.799988       0.0000000000000000     
   761.900024       0.0000000000000000     
   762.000000       0.0000000000000000     
   762.099976       0.0000000000000000     
   762.200012       0.0000000000000000     
   762.299988       0.0000000000000000     
   762.400024       0.0000000000000000     
   762.500000       0.0000000000000000     
   762.599976       0.0000000000000000     
   762.700012       0.0000000000000000     
   762.799988       0.0000000000000000     
   762.900024       0.0000000000000000     
   763.000000       0.0000000000000000     
   763.099976       0.0000000000000000     
   763.200012       0.0000000000000000     
   763.299988       0.0000000000000000     
   763.400024       0.0000000000000000     
   763.500000       0.0000000000000000     
   763.599976       0.0000000000000000     
   763.700012       0.0000000000000000     
   763.799988       0.0000000000000000     
   763.900024       0.0000000000000000     
   764.000000       0.0000000000000000     
   764.099976       0.0000000000000000     
   764.200012       0.0000000000000000     
   764.299988       0.0000000000000000     
   764.400024       0.0000000000000000     
   764.500000       0.0000000000000000     
   764.599976       0.0000000000000000     
   764.700012       0.0000000000000000     
   764.799988       0.0000000000000000     
   764.900024       0.0000000000000000     
   765.000000       0.0000000000000000     
   765.099976       0.0000000000000000     
   765.200012       0.0000000000000000     
   765.299988       0.0000000000000000     
   765.400024       0.0000000000000000     
   765.500000       0.0000000000000000     
   765.599976       0.0000000000000000     
   765.700012       0.0000000000000000     
   765.799988       0.0000000000000000     
   765.900024       0.0000000000000000     
   766.000000       0.0000000000000000     
   766.099976       0.0000000000000000     
   766.200012       0.0000000000000000     
   766.299988       0.0000000000000000     
   766.400024       0.0000000000000000     
   766.500000       0.0000000000000000     
   766.599976       0.0000000000000000     
   766.700012       0.0000000000000000     
   766.799988       0.0000000000000000     
   766.900024       0.0000000000000000     
   767.000000       0.0000000000000000     
   767.099976       0.0000000000000000     
   767.200012       0.0000000000000000     
   767.299988       0.0000000000000000     
   767.400024       0.0000000000000000     
   767.500000       0.0000000000000000     
   767.599976       0.0000000000000000     
   767.700012       0.0000000000000000     
   767.799988       0.0000000000000000     
   767.900024       0.0000000000000000     
   768.000000       0.0000000000000000     
   768.099976       0.0000000000000000     
   768.200012       0.0000000000000000     
   768.299988       0.0000000000000000     
   768.400024       0.0000000000000000     
   768.500000       0.0000000000000000     
   768.599976       0.0000000000000000     
   768.700012       0.0000000000000000     
   768.799988       0.0000000000000000     
   768.900024       0.0000000000000000     
   769.000000       0.0000000000000000     
   769.099976       0.0000000000000000     
   769.200012       0.0000000000000000     
   769.299988       0.0000000000000000     
   769.400024       0.0000000000000000     
   769.500000       0.0000000000000000     
   769.599976       0.0000000000000000     
   769.700012       0.0000000000000000     
   769.799988       0.0000000000000000     
   769.900024       0.0000000000000000     
   770.000000       0.0000000000000000     
   770.099976       0.0000000000000000     
   770.200012       0.0000000000000000     
   770.299988       0.0000000000000000     
   770.400024       0.0000000000000000     
   770.500000       0.0000000000000000     
   770.599976       0.0000000000000000     
   770.700012       0.0000000000000000     
   770.799988       0.0000000000000000     
   770.900024       0.0000000000000000     
   771.000000       0.0000000000000000     
   771.099976       0.0000000000000000     
   771.200012       0.0000000000000000     
   771.299988       0.0000000000000000     
   771.400024       0.0000000000000000     
   771.500000       0.0000000000000000     
   771.599976       0.0000000000000000     
   771.700012       0.0000000000000000     
   771.799988       0.0000000000000000     
   771.900024       0.0000000000000000     
   772.000000       0.0000000000000000     
   772.099976       0.0000000000000000     
   772.200012       0.0000000000000000     
   772.299988       0.0000000000000000     
   772.400024       0.0000000000000000     
   772.500000       0.0000000000000000     
   772.599976       0.0000000000000000     
   772.700012       0.0000000000000000     
   772.799988       0.0000000000000000     
   772.900024       0.0000000000000000     
   773.000000       0.0000000000000000     
   773.099976       0.0000000000000000     
   773.200012       0.0000000000000000     
   773.299988       0.0000000000000000     
   773.400024       0.0000000000000000     
   773.500000       0.0000000000000000     
   773.599976       0.0000000000000000     
   773.700012       0.0000000000000000     
   773.799988       0.0000000000000000     
   773.900024       0.0000000000000000     
   774.000000       0.0000000000000000     
   774.099976       0.0000000000000000     
   774.200012       0.0000000000000000     
   774.299988       0.0000000000000000     
   774.400024       0.0000000000000000     
   774.500000       0.0000000000000000     
   774.599976       0.0000000000000000     
   774.700012       0.0000000000000000     
   774.799988       0.0000000000000000     
   774.900024       0.0000000000000000     
   775.000000       0.0000000000000000     
   775.099976       0.0000000000000000     
   775.200012       0.0000000000000000     
   775.299988       0.0000000000000000     
   775.400024       0.0000000000000000     
   775.500000       0.0000000000000000     
   775.599976       0.0000000000000000     
   775.700012       0.0000000000000000     
   775.799988       0.0000000000000000     
   775.900024       0.0000000000000000     
   776.000000       0.0000000000000000     
   776.099976       0.0000000000000000     
   776.200012       0.0000000000000000     
   776.299988       0.0000000000000000     
   776.400024       0.0000000000000000     
   776.500000       0.0000000000000000     
   776.599976       0.0000000000000000     
   776.700012       0.0000000000000000     
   776.799988       0.0000000000000000     
   776.900024       0.0000000000000000     
   777.000000       0.0000000000000000     
   777.099976       0.0000000000000000     
   777.200012       0.0000000000000000     
   777.299988       0.0000000000000000     
   777.400024       0.0000000000000000     
   777.500000       0.0000000000000000     
   777.599976       0.0000000000000000     
   777.700012       0.0000000000000000     
   777.799988       0.0000000000000000     
   777.900024       0.0000000000000000     
   778.000000       0.0000000000000000     
   778.099976       0.0000000000000000     
   778.200012       0.0000000000000000     
   778.299988       0.0000000000000000     
   778.400024       0.0000000000000000     
   778.500000       0.0000000000000000     
   778.599976       0.0000000000000000     
   778.700012       0.0000000000000000     
   778.799988       0.0000000000000000     
   778.900024       0.0000000000000000     
   779.000000       0.0000000000000000     
   779.099976       0.0000000000000000     
   779.200012       0.0000000000000000     
   779.299988       0.0000000000000000     
   779.400024       0.0000000000000000     
   779.500000       0.0000000000000000     
   779.599976       0.0000000000000000     
   779.700012       0.0000000000000000     
   779.799988       0.0000000000000000     
   779.900024       0.0000000000000000     
   780.000000       0.0000000000000000     
   780.099976       0.0000000000000000     
   780.200012       0.0000000000000000     
   780.299988       0.0000000000000000     
   780.400024       0.0000000000000000     
   780.500000       0.0000000000000000     
   780.599976       0.0000000000000000     
   780.700012       0.0000000000000000     
   780.799988       0.0000000000000000     
   780.900024       0.0000000000000000     
   781.000000       0.0000000000000000     
   781.099976       0.0000000000000000     
   781.200012       0.0000000000000000     
   781.299988       0.0000000000000000     
   781.400024       0.0000000000000000     
   781.500000       0.0000000000000000     
   781.599976       0.0000000000000000     
   781.700012       0.0000000000000000     
   781.799988       0.0000000000000000     
   781.900024       0.0000000000000000     
   782.000000       0.0000000000000000     
   782.099976       0.0000000000000000     
   782.200012       0.0000000000000000     
   782.299988       0.0000000000000000     
   782.400024       0.0000000000000000     
   782.500000       0.0000000000000000     
   782.599976       0.0000000000000000     
   782.700012       0.0000000000000000     
   782.799988       0.0000000000000000     
   782.900024       0.0000000000000000     
   783.000000       0.0000000000000000     
   783.099976       0.0000000000000000     
   783.200012       0.0000000000000000     
   783.299988       0.0000000000000000     
   783.400024       0.0000000000000000     
   783.500000       0.0000000000000000     
   783.599976       0.0000000000000000     
   783.700012       0.0000000000000000     
   783.799988       0.0000000000000000     
   783.900024       0.0000000000000000     
   784.000000       0.0000000000000000     
   784.099976       0.0000000000000000     
   784.200012       0.0000000000000000     
   784.299988       0.0000000000000000     
   784.400024       0.0000000000000000     
   784.500000       0.0000000000000000     
   784.599976       0.0000000000000000     
   784.700012       0.0000000000000000     
   784.799988       0.0000000000000000     
   784.900024       0.0000000000000000     
   785.000000       0.0000000000000000     
   785.099976       0.0000000000000000     
   785.200012       0.0000000000000000     
   785.299988       0.0000000000000000     
   785.400024       0.0000000000000000     
   785.500000       0.0000000000000000     
   785.599976       0.0000000000000000     
   785.700012       0.0000000000000000     
   785.799988       0.0000000000000000     
   785.900024       0.0000000000000000     
   786.000000       0.0000000000000000     
   786.099976       0.0000000000000000     
   786.200012       0.0000000000000000     
   786.299988       0.0000000000000000     
   786.400024       0.0000000000000000     
   786.500000       0.0000000000000000     
   786.599976       0.0000000000000000     
   786.700012       0.0000000000000000     
   786.799988       0.0000000000000000     
   786.900024       0.0000000000000000     
   787.000000       0.0000000000000000     
   787.099976       0.0000000000000000     
   787.200012       0.0000000000000000     
   787.299988       0.0000000000000000     
   787.400024       0.0000000000000000     
   787.500000       0.0000000000000000     
   787.599976       0.0000000000000000     
   787.700012       0.0000000000000000     
   787.799988       0.0000000000000000     
   787.900024       0.0000000000000000     
   788.000000       0.0000000000000000     
   788.099976       0.0000000000000000     
   788.200012       0.0000000000000000     
   788.299988       0.0000000000000000     
   788.400024       0.0000000000000000     
   788.500000       0.0000000000000000     
   788.599976       0.0000000000000000     
   788.700012       0.0000000000000000     
   788.799988       0.0000000000000000     
   788.900024       0.0000000000000000     
   789.000000       0.0000000000000000     
   789.099976       0.0000000000000000     
   789.200012       0.0000000000000000     
   789.299988       0.0000000000000000     
   789.400024       0.0000000000000000     
   789.500000       0.0000000000000000     
   789.599976       0.0000000000000000     
   789.700012       0.0000000000000000     
   789.799988       0.0000000000000000     
   789.900024       0.0000000000000000     
   790.000000       0.0000000000000000     
   790.099976       0.0000000000000000     
   790.200012       0.0000000000000000     
   790.299988       0.0000000000000000     
   790.400024       0.0000000000000000     
   790.500000       0.0000000000000000     
   790.599976       0.0000000000000000     
   790.700012       0.0000000000000000     
   790.799988       0.0000000000000000     
   790.900024       0.0000000000000000     
   791.000000       0.0000000000000000     
   791.099976       0.0000000000000000     
   791.200012       0.0000000000000000     
   791.299988       0.0000000000000000     
   791.400024       0.0000000000000000     
   791.500000       0.0000000000000000     
   791.599976       0.0000000000000000     
   791.700012       0.0000000000000000     
   791.799988       0.0000000000000000     
   791.900024       0.0000000000000000     
   792.000000       0.0000000000000000     
   792.099976       0.0000000000000000     
   792.200012       0.0000000000000000     
   792.299988       0.0000000000000000     
   792.400024       0.0000000000000000     
   792.500000       0.0000000000000000     
   792.599976       0.0000000000000000     
   792.700012       0.0000000000000000     
   792.799988       0.0000000000000000     
   792.900024       0.0000000000000000     
   793.000000       0.0000000000000000     
   793.099976       0.0000000000000000     
   793.200012       0.0000000000000000     
   793.299988       0.0000000000000000     
   793.400024       0.0000000000000000     
   793.500000       0.0000000000000000     
   793.599976       0.0000000000000000     
   793.700012       0.0000000000000000     
   793.799988       0.0000000000000000     
   793.900024       0.0000000000000000     
   794.000000       0.0000000000000000     
   794.099976       0.0000000000000000     
   794.200012       0.0000000000000000     
   794.299988       0.0000000000000000     
   794.400024       0.0000000000000000     
   794.500000       0.0000000000000000     
   794.599976       0.0000000000000000     
   794.700012       0.0000000000000000     
   794.799988       0.0000000000000000     
   794.900024       0.0000000000000000     
   795.000000       0.0000000000000000     
   795.099976       0.0000000000000000     
   795.200012       0.0000000000000000     
   795.299988       0.0000000000000000     
   795.400024       0.0000000000000000     
   795.500000       0.0000000000000000     
   795.599976       0.0000000000000000     
   795.700012       0.0000000000000000     
   795.799988       0.0000000000000000     
   795.900024       0.0000000000000000     
   796.000000       0.0000000000000000     
   796.099976       0.0000000000000000     
   796.200012       0.0000000000000000     
   796.299988       0.0000000000000000     
   796.400024       0.0000000000000000     
   796.500000       0.0000000000000000     
   796.599976       0.0000000000000000     
   796.700012       0.0000000000000000     
   796.799988       0.0000000000000000     
   796.900024       0.0000000000000000     
   797.000000       0.0000000000000000     
   797.099976       0.0000000000000000     
   797.200012       0.0000000000000000     
   797.299988       0.0000000000000000     
   797.400024       0.0000000000000000     
   797.500000       0.0000000000000000     
   797.599976       0.0000000000000000     
   797.700012       0.0000000000000000     
   797.799988       0.0000000000000000     
   797.900024       0.0000000000000000     
   798.000000       0.0000000000000000     
   798.099976       0.0000000000000000     
   798.200012       0.0000000000000000     
   798.299988       0.0000000000000000     
   798.400024       0.0000000000000000     
   798.500000       0.0000000000000000     
   798.599976       0.0000000000000000     
   798.700012       0.0000000000000000     
   798.799988       0.0000000000000000     
   798.900024       0.0000000000000000     
   799.000000       0.0000000000000000     
   799.099976       0.0000000000000000     
   799.200012       0.0000000000000000     
   799.299988       0.0000000000000000     
   799.400024       0.0000000000000000     
   799.500000       0.0000000000000000     
   799.599976       0.0000000000000000     
   799.700012       0.0000000000000000     
   799.799988       0.0000000000000000     
   799.900024       0.0000000000000000     
   800.000000       0.0000000000000000     
   800.099976       0.0000000000000000     
   800.200012       0.0000000000000000     
   800.299988       0.0000000000000000     
   800.400024       0.0000000000000000     
   800.500000       0.0000000000000000     
   800.599976       0.0000000000000000     
   800.700012       0.0000000000000000     
   800.799988       0.0000000000000000     
   800.900024       0.0000000000000000     
   801.000000       0.0000000000000000     
   801.099976       0.0000000000000000     
   801.200012       0.0000000000000000     
   801.299988       0.0000000000000000     
   801.400024       0.0000000000000000     
   801.500000       0.0000000000000000     
   801.599976       0.0000000000000000     
   801.700012       0.0000000000000000     
   801.799988       0.0000000000000000     
   801.900024       0.0000000000000000     
   802.000000       0.0000000000000000     
   802.099976       0.0000000000000000     
   802.200012       0.0000000000000000     
   802.299988       0.0000000000000000     
   802.400024       0.0000000000000000     
   802.500000       0.0000000000000000     
   802.599976       0.0000000000000000     
   802.700012       0.0000000000000000     
   802.799988       0.0000000000000000     
   802.900024       0.0000000000000000     
   803.000000       0.0000000000000000     
   803.099976       0.0000000000000000     
   803.200012       0.0000000000000000     
   803.299988       0.0000000000000000     
   803.400024       0.0000000000000000     
   803.500000       0.0000000000000000     
   803.599976       0.0000000000000000     
   803.700012       0.0000000000000000     
   803.799988       0.0000000000000000     
   803.900024       0.0000000000000000     
   804.000000       0.0000000000000000     
   804.099976       0.0000000000000000     
   804.200012       0.0000000000000000     
   804.299988       0.0000000000000000     
   804.400024       0.0000000000000000     
   804.500000       0.0000000000000000     
   804.599976       0.0000000000000000     
   804.700012       0.0000000000000000     
   804.799988       0.0000000000000000     
   804.900024       0.0000000000000000     
   805.000000       0.0000000000000000     
   805.099976       0.0000000000000000     
   805.200012       0.0000000000000000     
   805.299988       0.0000000000000000     
   805.400024       0.0000000000000000     
   805.500000       0.0000000000000000     
   805.599976       0.0000000000000000     
   805.700012       0.0000000000000000     
   805.799988       0.0000000000000000     
   805.900024       0.0000000000000000     
   806.000000       0.0000000000000000     
   806.099976       0.0000000000000000     
   806.200012       0.0000000000000000     
   806.299988       0.0000000000000000     
   806.400024       0.0000000000000000     
   806.500000       0.0000000000000000     
   806.599976       0.0000000000000000     
   806.700012       0.0000000000000000     
   806.799988       0.0000000000000000     
   806.900024       0.0000000000000000     
   807.000000       0.0000000000000000     
   807.099976       0.0000000000000000     
   807.200012       0.0000000000000000     
   807.299988       0.0000000000000000     
   807.400024       0.0000000000000000     
   807.500000       0.0000000000000000     
   807.599976       0.0000000000000000     
   807.700012       0.0000000000000000     
   807.799988       0.0000000000000000     
   807.900024       0.0000000000000000     
   808.000000       0.0000000000000000     
   808.099976       0.0000000000000000     
   808.200012       0.0000000000000000     
   808.299988       0.0000000000000000     
   808.400024       0.0000000000000000     
   808.500000       0.0000000000000000     
   808.599976       0.0000000000000000     
   808.700012       0.0000000000000000     
   808.799988       0.0000000000000000     
   808.900024       0.0000000000000000     
   809.000000       0.0000000000000000     
   809.099976       0.0000000000000000     
   809.200012       0.0000000000000000     
   809.299988       0.0000000000000000     
   809.400024       0.0000000000000000     
   809.500000       0.0000000000000000     
   809.599976       0.0000000000000000     
   809.700012       0.0000000000000000     
   809.799988       0.0000000000000000     
   809.900024       0.0000000000000000     
   810.000000       0.0000000000000000     
   810.099976       0.0000000000000000     
   810.200012       0.0000000000000000     
   810.299988       0.0000000000000000     
   810.400024       0.0000000000000000     
   810.500000       0.0000000000000000     
   810.599976       0.0000000000000000     
   810.700012       0.0000000000000000     
   810.799988       0.0000000000000000     
   810.900024       0.0000000000000000     
   811.000000       0.0000000000000000     
   811.099976       0.0000000000000000     
   811.200012       0.0000000000000000     
   811.299988       0.0000000000000000     
   811.400024       0.0000000000000000     
   811.500000       0.0000000000000000     
   811.599976       0.0000000000000000     
   811.700012       0.0000000000000000     
   811.799988       0.0000000000000000     
   811.900024       0.0000000000000000     
   812.000000       0.0000000000000000     
   812.099976       0.0000000000000000     
   812.200012       0.0000000000000000     
   812.299988       0.0000000000000000     
   812.400024       0.0000000000000000     
   812.500000       0.0000000000000000     
   812.599976       0.0000000000000000     
   812.700012       0.0000000000000000     
   812.799988       0.0000000000000000     
   812.900024       0.0000000000000000     
   813.000000       0.0000000000000000     
   813.099976       0.0000000000000000     
   813.200012       0.0000000000000000     
   813.299988       0.0000000000000000     
   813.400024       0.0000000000000000     
   813.500000       0.0000000000000000     
   813.599976       0.0000000000000000     
   813.700012       0.0000000000000000     
   813.799988       0.0000000000000000     
   813.900024       0.0000000000000000     
   814.000000       0.0000000000000000     
   814.099976       0.0000000000000000     
   814.200012       0.0000000000000000     
   814.299988       0.0000000000000000     
   814.400024       0.0000000000000000     
   814.500000       0.0000000000000000     
   814.599976       0.0000000000000000     
   814.700012       0.0000000000000000     
   814.799988       0.0000000000000000     
   814.900024       0.0000000000000000     
   815.000000       0.0000000000000000     
   815.099976       0.0000000000000000     
   815.200012       0.0000000000000000     
   815.299988       0.0000000000000000     
   815.400024       0.0000000000000000     
   815.500000       0.0000000000000000     
   815.599976       0.0000000000000000     
   815.700012       0.0000000000000000     
   815.799988       0.0000000000000000     
   815.900024       0.0000000000000000     
   816.000000       0.0000000000000000     
   816.099976       0.0000000000000000     
   816.200012       0.0000000000000000     
   816.299988       0.0000000000000000     
   816.400024       0.0000000000000000     
   816.500000       0.0000000000000000     
   816.599976       0.0000000000000000     
   816.700012       0.0000000000000000     
   816.799988       0.0000000000000000     
   816.900024       0.0000000000000000     
   817.000000       0.0000000000000000     
   817.099976       0.0000000000000000     
   817.200012       0.0000000000000000     
   817.299988       0.0000000000000000     
   817.400024       0.0000000000000000     
   817.500000       0.0000000000000000     
   817.599976       0.0000000000000000     
   817.700012       0.0000000000000000     
   817.799988       0.0000000000000000     
   817.900024       0.0000000000000000     
   818.000000       0.0000000000000000     
   818.099976       0.0000000000000000     
   818.200012       0.0000000000000000     
   818.299988       0.0000000000000000     
   818.400024       0.0000000000000000     
   818.500000       0.0000000000000000     
   818.599976       0.0000000000000000     
   818.700012       0.0000000000000000     
   818.799988       0.0000000000000000     
   818.900024       0.0000000000000000     
   819.000000       0.0000000000000000     
   819.099976       0.0000000000000000     
   819.200012       0.0000000000000000     
   819.299988       0.0000000000000000     
   819.400024       0.0000000000000000     
   819.500000       0.0000000000000000     
   819.599976       0.0000000000000000     
   819.700012       0.0000000000000000     
   819.799988       0.0000000000000000     
   819.900024       0.0000000000000000     
   820.000000       0.0000000000000000     
   820.099976       0.0000000000000000     
   820.200012       0.0000000000000000     
   820.299988       0.0000000000000000     
   820.400024       0.0000000000000000     
   820.500000       0.0000000000000000     
   820.599976       0.0000000000000000     
   820.700012       0.0000000000000000     
   820.799988       0.0000000000000000     
   820.900024       0.0000000000000000     
   821.000000       0.0000000000000000     
   821.099976       0.0000000000000000     
   821.200012       0.0000000000000000     
   821.299988       0.0000000000000000     
   821.400024       0.0000000000000000     
   821.500000       0.0000000000000000     
   821.599976       0.0000000000000000     
   821.700012       0.0000000000000000     
   821.799988       0.0000000000000000     
   821.900024       0.0000000000000000     
   822.000000       0.0000000000000000     
   822.099976       0.0000000000000000     
   822.200012       0.0000000000000000     
   822.299988       0.0000000000000000     
   822.400024       0.0000000000000000     
   822.500000       0.0000000000000000     
   822.599976       0.0000000000000000     
   822.700012       0.0000000000000000     
   822.799988       0.0000000000000000     
   822.900024       0.0000000000000000     
   823.000000       0.0000000000000000     
   823.099976       0.0000000000000000     
   823.200012       0.0000000000000000     
   823.299988       0.0000000000000000     
   823.400024       0.0000000000000000     
   823.500000       0.0000000000000000     
   823.599976       0.0000000000000000     
   823.700012       0.0000000000000000     
   823.799988       0.0000000000000000     
   823.900024       0.0000000000000000     
   824.000000       0.0000000000000000     
   824.099976       0.0000000000000000     
   824.200012       0.0000000000000000     
   824.299988       0.0000000000000000     
   824.400024       0.0000000000000000     
   824.500000       0.0000000000000000     
   824.599976       0.0000000000000000     
   824.700012       0.0000000000000000     
   824.799988       0.0000000000000000     
   824.900024       0.0000000000000000     
   825.000000       0.0000000000000000     
   825.099976       0.0000000000000000     
   825.200012       0.0000000000000000     
   825.299988       0.0000000000000000     
   825.400024       0.0000000000000000     
   825.500000       0.0000000000000000     
   825.599976       0.0000000000000000     
   825.700012       0.0000000000000000     
   825.799988       0.0000000000000000     
   825.900024       0.0000000000000000     
   826.000000       0.0000000000000000     
   826.099976       0.0000000000000000     
   826.200012       0.0000000000000000     
   826.299988       0.0000000000000000     
   826.400024       0.0000000000000000     
   826.500000       0.0000000000000000     
   826.599976       0.0000000000000000     
   826.700012       0.0000000000000000     
   826.799988       0.0000000000000000     
   826.900024       0.0000000000000000     
   827.000000       0.0000000000000000     
   827.099976       0.0000000000000000     
   827.200012       0.0000000000000000     
   827.299988       0.0000000000000000     
   827.400024       0.0000000000000000     
   827.500000       0.0000000000000000     
   827.599976       0.0000000000000000     
   827.700012       0.0000000000000000     
   827.799988       0.0000000000000000     
   827.900024       0.0000000000000000     
   828.000000       0.0000000000000000     
   828.099976       0.0000000000000000     
   828.200012       0.0000000000000000     
   828.299988       0.0000000000000000     
   828.400024       0.0000000000000000     
   828.500000       0.0000000000000000     
   828.599976       0.0000000000000000     
   828.700012       0.0000000000000000     
   828.799988       0.0000000000000000     
   828.900024       0.0000000000000000     
   829.000000       0.0000000000000000     
   829.099976       0.0000000000000000     
   829.200012       0.0000000000000000     
   829.299988       0.0000000000000000     
   829.400024       0.0000000000000000     
   829.500000       0.0000000000000000     
   829.599976       0.0000000000000000     
   829.700012       0.0000000000000000     
   829.799988       0.0000000000000000     
   829.900024       0.0000000000000000     
   830.000000       0.0000000000000000     
   830.099976       0.0000000000000000     
   830.200012       0.0000000000000000     
   830.299988       0.0000000000000000     
   830.400024       0.0000000000000000     
   830.500000       0.0000000000000000     
   830.599976       0.0000000000000000     
   830.700012       0.0000000000000000     
   830.799988       0.0000000000000000     
   830.900024       0.0000000000000000     
   831.000000       0.0000000000000000     
   831.099976       0.0000000000000000     
   831.200012       0.0000000000000000     
   831.299988       0.0000000000000000     
   831.400024       0.0000000000000000     
   831.500000       0.0000000000000000     
   831.599976       0.0000000000000000     
   831.700012       0.0000000000000000     
   831.799988       0.0000000000000000     
   831.900024       0.0000000000000000     
   832.000000       0.0000000000000000     
   832.099976       0.0000000000000000     
   832.200012       0.0000000000000000     
   832.299988       0.0000000000000000     
   832.400024       0.0000000000000000     
   832.500000       0.0000000000000000     
   832.599976       0.0000000000000000     
   832.700012       0.0000000000000000     
   832.799988       0.0000000000000000     
   832.900024       0.0000000000000000     
   833.000000       0.0000000000000000     
   833.099976       0.0000000000000000     
   833.200012       0.0000000000000000     
   833.299988       0.0000000000000000     
   833.400024       0.0000000000000000     
   833.500000       0.0000000000000000     
   833.599976       0.0000000000000000     
   833.700012       0.0000000000000000     
   833.799988       0.0000000000000000     
   833.900024       0.0000000000000000     
   834.000000       0.0000000000000000     
   834.099976       0.0000000000000000     
   834.200012       0.0000000000000000     
   834.299988       0.0000000000000000     
   834.400024       0.0000000000000000     
   834.500000       0.0000000000000000     
   834.599976       0.0000000000000000     
   834.700012       0.0000000000000000     
   834.799988       0.0000000000000000     
   834.900024       0.0000000000000000     
   835.000000       0.0000000000000000     
   835.099976       0.0000000000000000     
   835.200012       0.0000000000000000     
   835.299988       0.0000000000000000     
   835.400024       0.0000000000000000     
   835.500000       0.0000000000000000     
   835.599976       0.0000000000000000     
   835.700012       0.0000000000000000     
   835.799988       0.0000000000000000     
   835.900024       0.0000000000000000     
   836.000000       0.0000000000000000     
   836.099976       0.0000000000000000     
   836.200012       0.0000000000000000     
   836.299988       0.0000000000000000     
   836.400024       0.0000000000000000     
   836.500000       0.0000000000000000     
   836.599976       0.0000000000000000     
   836.700012       0.0000000000000000     
   836.799988       0.0000000000000000     
   836.900024       0.0000000000000000     
   837.000000       0.0000000000000000     
   837.099976       0.0000000000000000     
   837.200012       0.0000000000000000     
   837.299988       0.0000000000000000     
   837.400024       0.0000000000000000     
   837.500000       0.0000000000000000     
   837.599976       0.0000000000000000     
   837.700012       0.0000000000000000     
   837.799988       0.0000000000000000     
   837.900024       0.0000000000000000     
   838.000000       0.0000000000000000     
   838.099976       0.0000000000000000     
   838.200012       0.0000000000000000     
   838.299988       0.0000000000000000     
   838.400024       0.0000000000000000     
   838.500000       0.0000000000000000     
   838.599976       0.0000000000000000     
   838.700012       0.0000000000000000     
   838.799988       0.0000000000000000     
   838.900024       0.0000000000000000     
   839.000000       0.0000000000000000     
   839.099976       0.0000000000000000     
   839.200012       0.0000000000000000     
   839.299988       0.0000000000000000     
   839.400024       0.0000000000000000     
   839.500000       0.0000000000000000     
   839.599976       0.0000000000000000     
   839.700012       0.0000000000000000     
   839.799988       0.0000000000000000     
   839.900024       0.0000000000000000     
   840.000000       0.0000000000000000     
   840.099976       0.0000000000000000     
   840.200012       0.0000000000000000     
   840.299988       0.0000000000000000     
   840.400024       0.0000000000000000     
   840.500000       0.0000000000000000     
   840.599976       0.0000000000000000     
   840.700012       0.0000000000000000     
   840.799988       0.0000000000000000     
   840.900024       0.0000000000000000     
   841.000000       0.0000000000000000     
   841.099976       0.0000000000000000     
   841.200012       0.0000000000000000     
   841.299988       0.0000000000000000     
   841.400024       0.0000000000000000     
   841.500000       0.0000000000000000     
   841.599976       0.0000000000000000     
   841.700012       0.0000000000000000     
   841.799988       0.0000000000000000     
   841.900024       0.0000000000000000     
   842.000000       0.0000000000000000     
   842.099976       0.0000000000000000     
   842.200012       0.0000000000000000     
   842.299988       0.0000000000000000     
   842.400024       0.0000000000000000     
   842.500000       0.0000000000000000     
   842.599976       0.0000000000000000     
   842.700012       0.0000000000000000     
   842.799988       0.0000000000000000     
   842.900024       0.0000000000000000     
   843.000000       0.0000000000000000     
   843.099976       0.0000000000000000     
   843.200012       0.0000000000000000     
   843.299988       0.0000000000000000     
   843.400024       0.0000000000000000     
   843.500000       0.0000000000000000     
   843.599976       0.0000000000000000     
   843.700012       0.0000000000000000     
   843.799988       0.0000000000000000     
   843.900024       0.0000000000000000     
   844.000000       0.0000000000000000     
   844.099976       0.0000000000000000     
   844.200012       0.0000000000000000     
   844.299988       0.0000000000000000     
   844.400024       0.0000000000000000     
   844.500000       0.0000000000000000     
   844.599976       0.0000000000000000     
   844.700012       0.0000000000000000     
   844.799988       0.0000000000000000     
   844.900024       0.0000000000000000     
   845.000000       0.0000000000000000     
   845.099976       0.0000000000000000     
   845.200012       0.0000000000000000     
   845.299988       0.0000000000000000     
   845.400024       0.0000000000000000     
   845.500000       0.0000000000000000     
   845.599976       0.0000000000000000     
   845.700012       0.0000000000000000     
   845.799988       0.0000000000000000     
   845.900024       0.0000000000000000     
   846.000000       0.0000000000000000     
   846.099976       0.0000000000000000     
   846.200012       0.0000000000000000     
   846.299988       0.0000000000000000     
   846.400024       0.0000000000000000     
   846.500000       0.0000000000000000     
   846.599976       0.0000000000000000     
   846.700012       0.0000000000000000     
   846.799988       0.0000000000000000     
   846.900024       0.0000000000000000     
   847.000000       0.0000000000000000     
   847.099976       0.0000000000000000     
   847.200012       0.0000000000000000     
   847.299988       0.0000000000000000     
   847.400024       0.0000000000000000     
   847.500000       0.0000000000000000     
   847.599976       0.0000000000000000     
   847.700012       0.0000000000000000     
   847.799988       0.0000000000000000     
   847.900024       0.0000000000000000     
   848.000000       0.0000000000000000     
   848.099976       0.0000000000000000     
   848.200012       0.0000000000000000     
   848.299988       0.0000000000000000     
   848.400024       0.0000000000000000     
   848.500000       0.0000000000000000     
   848.599976       0.0000000000000000     
   848.700012       0.0000000000000000     
   848.799988       0.0000000000000000     
   848.900024       0.0000000000000000     
   849.000000       0.0000000000000000     
   849.099976       0.0000000000000000     
   849.200012       0.0000000000000000     
   849.299988       0.0000000000000000     
   849.400024       0.0000000000000000     
   849.500000       0.0000000000000000     
   849.599976       0.0000000000000000     
   849.700012       0.0000000000000000     
   849.799988       0.0000000000000000     
   849.900024       0.0000000000000000     
   850.000000       0.0000000000000000     
   850.099976       0.0000000000000000     
   850.200012       0.0000000000000000     
   850.299988       0.0000000000000000     
   850.400024       0.0000000000000000     
   850.500000       0.0000000000000000     
   850.599976       0.0000000000000000     
   850.700012       0.0000000000000000     
   850.799988       0.0000000000000000     
   850.900024       0.0000000000000000     
   851.000000       0.0000000000000000     
   851.099976       0.0000000000000000     
   851.200012       0.0000000000000000     
   851.299988       0.0000000000000000     
   851.400024       0.0000000000000000     
   851.500000       0.0000000000000000     
   851.599976       0.0000000000000000     
   851.700012       0.0000000000000000     
   851.799988       0.0000000000000000     
   851.900024       0.0000000000000000     
   852.000000       0.0000000000000000     
   852.099976       0.0000000000000000     
   852.200012       0.0000000000000000     
   852.299988       0.0000000000000000     
   852.400024       0.0000000000000000     
   852.500000       0.0000000000000000     
   852.599976       0.0000000000000000     
   852.700012       0.0000000000000000     
   852.799988       0.0000000000000000     
   852.900024       0.0000000000000000     
   853.000000       0.0000000000000000     
   853.099976       0.0000000000000000     
   853.200012       0.0000000000000000     
   853.299988       0.0000000000000000     
   853.400024       0.0000000000000000     
   853.500000       0.0000000000000000     
   853.599976       0.0000000000000000     
   853.700012       0.0000000000000000     
   853.799988       0.0000000000000000     
   853.900024       0.0000000000000000     
   854.000000       0.0000000000000000     
   854.099976       0.0000000000000000     
   854.200012       0.0000000000000000     
   854.299988       0.0000000000000000     
   854.400024       0.0000000000000000     
   854.500000       0.0000000000000000     
   854.599976       0.0000000000000000     
   854.700012       0.0000000000000000     
   854.799988       0.0000000000000000     
   854.900024       0.0000000000000000     
   855.000000       0.0000000000000000     
   855.099976       0.0000000000000000     
   855.200012       0.0000000000000000     
   855.299988       0.0000000000000000     
   855.400024       0.0000000000000000     
   855.500000       0.0000000000000000     
   855.599976       0.0000000000000000     
   855.700012       0.0000000000000000     
   855.799988       0.0000000000000000     
   855.900024       0.0000000000000000     
   856.000000       0.0000000000000000     
   856.099976       0.0000000000000000     
   856.200012       0.0000000000000000     
   856.299988       0.0000000000000000     
   856.400024       0.0000000000000000     
   856.500000       0.0000000000000000     
   856.599976       0.0000000000000000     
   856.700012       0.0000000000000000     
   856.799988       0.0000000000000000     
   856.900024       0.0000000000000000     
   857.000000       0.0000000000000000     
   857.099976       0.0000000000000000     
   857.200012       0.0000000000000000     
   857.299988       0.0000000000000000     
   857.400024       0.0000000000000000     
   857.500000       0.0000000000000000     
   857.599976       0.0000000000000000     
   857.700012       0.0000000000000000     
   857.799988       0.0000000000000000     
   857.900024       0.0000000000000000     
   858.000000       0.0000000000000000     
   858.099976       0.0000000000000000     
   858.200012       0.0000000000000000     
   858.299988       0.0000000000000000     
   858.400024       0.0000000000000000     
   858.500000       0.0000000000000000     
   858.599976       0.0000000000000000     
   858.700012       0.0000000000000000     
   858.799988       0.0000000000000000     
   858.900024       0.0000000000000000     
   859.000000       0.0000000000000000     
   859.099976       0.0000000000000000     
   859.200012       0.0000000000000000     
   859.299988       0.0000000000000000     
   859.400024       0.0000000000000000     
   859.500000       0.0000000000000000     
   859.599976       0.0000000000000000     
   859.700012       0.0000000000000000     
   859.799988       0.0000000000000000     
   859.900024       0.0000000000000000     
   860.000000       0.0000000000000000     
   860.099976       0.0000000000000000     
   860.200012       0.0000000000000000     
   860.299988       0.0000000000000000     
   860.400024       0.0000000000000000     
   860.500000       0.0000000000000000     
   860.599976       0.0000000000000000     
   860.700012       0.0000000000000000     
   860.799988       0.0000000000000000     
   860.900024       0.0000000000000000     
   861.000000       0.0000000000000000     
   861.099976       0.0000000000000000     
   861.200012       0.0000000000000000     
   861.299988       0.0000000000000000     
   861.400024       0.0000000000000000     
   861.500000       0.0000000000000000     
   861.599976       0.0000000000000000     
   861.700012       0.0000000000000000     
   861.799988       0.0000000000000000     
   861.900024       0.0000000000000000     
   862.000000       0.0000000000000000     
   862.099976       0.0000000000000000     
   862.200012       0.0000000000000000     
   862.299988       0.0000000000000000     
   862.400024       0.0000000000000000     
   862.500000       0.0000000000000000     
   862.599976       0.0000000000000000     
   862.700012       0.0000000000000000     
   862.799988       0.0000000000000000     
   862.900024       0.0000000000000000     
   863.000000       0.0000000000000000     
   863.099976       0.0000000000000000     
   863.200012       0.0000000000000000     
   863.299988       0.0000000000000000     
   863.400024       0.0000000000000000     
   863.500000       0.0000000000000000     
   863.599976       0.0000000000000000     
   863.700012       0.0000000000000000     
   863.799988       0.0000000000000000     
   863.900024       0.0000000000000000     
   864.000000       0.0000000000000000     
   864.099976       0.0000000000000000     
   864.200012       0.0000000000000000     
   864.299988       0.0000000000000000     
   864.400024       0.0000000000000000     
   864.500000       0.0000000000000000     
   864.599976       0.0000000000000000     
   864.700012       0.0000000000000000     
   864.799988       0.0000000000000000     
   864.900024       0.0000000000000000     
   865.000000       0.0000000000000000     
   865.099976       0.0000000000000000     
   865.200012       0.0000000000000000     
   865.299988       0.0000000000000000     
   865.400024       0.0000000000000000     
   865.500000       0.0000000000000000     
   865.599976       0.0000000000000000     
   865.700012       0.0000000000000000     
   865.799988       0.0000000000000000     
   865.900024       0.0000000000000000     
   866.000000       0.0000000000000000     
   866.099976       0.0000000000000000     
   866.200012       0.0000000000000000     
   866.299988       0.0000000000000000     
   866.400024       0.0000000000000000     
   866.500000       0.0000000000000000     
   866.599976       0.0000000000000000     
   866.700012       0.0000000000000000     
   866.799988       0.0000000000000000     
   866.900024       0.0000000000000000     
   867.000000       0.0000000000000000     
   867.099976       0.0000000000000000     
   867.200012       0.0000000000000000     
   867.299988       0.0000000000000000     
   867.400024       0.0000000000000000     
   867.500000       0.0000000000000000     
   867.599976       0.0000000000000000     
   867.700012       0.0000000000000000     
   867.799988       0.0000000000000000     
   867.900024       0.0000000000000000     
   868.000000       0.0000000000000000     
   868.099976       0.0000000000000000     
   868.200012       0.0000000000000000     
   868.299988       0.0000000000000000     
   868.400024       0.0000000000000000     
   868.500000       0.0000000000000000     
   868.599976       0.0000000000000000     
   868.700012       0.0000000000000000     
   868.799988       0.0000000000000000     
   868.900024       0.0000000000000000     
   869.000000       0.0000000000000000     
   869.099976       0.0000000000000000     
   869.200012       0.0000000000000000     
   869.299988       0.0000000000000000     
   869.400024       0.0000000000000000     
   869.500000       0.0000000000000000     
   869.599976       0.0000000000000000     
   869.700012       0.0000000000000000     
   869.799988       0.0000000000000000     
   869.900024       0.0000000000000000     
   870.000000       0.0000000000000000     
   870.099976       0.0000000000000000     
   870.200012       0.0000000000000000     
   870.299988       0.0000000000000000     
   870.400024       0.0000000000000000     
   870.500000       0.0000000000000000     
   870.599976       0.0000000000000000     
   870.700012       0.0000000000000000     
   870.799988       0.0000000000000000     
   870.900024       0.0000000000000000     
   871.000000       0.0000000000000000     
   871.099976       0.0000000000000000     
   871.200012       0.0000000000000000     
   871.299988       0.0000000000000000     
   871.400024       0.0000000000000000     
   871.500000       0.0000000000000000     
   871.599976       0.0000000000000000     
   871.700012       0.0000000000000000     
   871.799988       0.0000000000000000     
   871.900024       0.0000000000000000     
   872.000000       0.0000000000000000     
   872.099976       0.0000000000000000     
   872.200012       0.0000000000000000     
   872.299988       0.0000000000000000     
   872.400024       0.0000000000000000     
   872.500000       0.0000000000000000     
   872.599976       0.0000000000000000     
   872.700012       0.0000000000000000     
   872.799988       0.0000000000000000     
   872.900024       0.0000000000000000     
   873.000000       0.0000000000000000     
   873.099976       0.0000000000000000     
   873.200012       0.0000000000000000     
   873.299988       0.0000000000000000     
   873.400024       0.0000000000000000     
   873.500000       0.0000000000000000     
   873.599976       0.0000000000000000     
   873.700012       0.0000000000000000     
   873.799988       0.0000000000000000     
   873.900024       0.0000000000000000     
   874.000000       0.0000000000000000     
   874.099976       0.0000000000000000     
   874.200012       0.0000000000000000     
   874.299988       0.0000000000000000     
   874.400024       0.0000000000000000     
   874.500000       0.0000000000000000     
   874.599976       0.0000000000000000     
   874.700012       0.0000000000000000     
   874.799988       0.0000000000000000     
   874.900024       0.0000000000000000     
   875.000000       0.0000000000000000     
   875.099976       0.0000000000000000     
   875.200012       0.0000000000000000     
   875.299988       0.0000000000000000     
   875.400024       0.0000000000000000     
   875.500000       0.0000000000000000     
   875.599976       0.0000000000000000     
   875.700012       0.0000000000000000     
   875.799988       0.0000000000000000     
   875.900024       0.0000000000000000     
   876.000000       0.0000000000000000     
   876.099976       0.0000000000000000     
   876.200012       0.0000000000000000     
   876.299988       0.0000000000000000     
   876.400024       0.0000000000000000     
   876.500000       0.0000000000000000     
   876.599976       0.0000000000000000     
   876.700012       0.0000000000000000     
   876.799988       0.0000000000000000     
   876.900024       0.0000000000000000     
   877.000000       0.0000000000000000     
   877.099976       0.0000000000000000     
   877.200012       0.0000000000000000     
   877.299988       0.0000000000000000     
   877.400024       0.0000000000000000     
   877.500000       0.0000000000000000     
   877.599976       0.0000000000000000     
   877.700012       0.0000000000000000     
   877.799988       0.0000000000000000     
   877.900024       0.0000000000000000     
   878.000000       0.0000000000000000     
   878.099976       0.0000000000000000     
   878.200012       0.0000000000000000     
   878.299988       0.0000000000000000     
   878.400024       0.0000000000000000     
   878.500000       0.0000000000000000     
   878.599976       0.0000000000000000     
   878.700012       0.0000000000000000     
   878.799988       0.0000000000000000     
   878.900024       0.0000000000000000     
   879.000000       0.0000000000000000     
   879.099976       0.0000000000000000     
   879.200012       0.0000000000000000     
   879.299988       0.0000000000000000     
   879.400024       0.0000000000000000     
   879.500000       0.0000000000000000     
   879.599976       0.0000000000000000     
   879.700012       0.0000000000000000     
   879.799988       0.0000000000000000     
   879.900024       0.0000000000000000     
   880.000000       0.0000000000000000     
   880.099976       0.0000000000000000     
   880.200012       0.0000000000000000     
   880.299988       0.0000000000000000     
   880.400024       0.0000000000000000     
   880.500000       0.0000000000000000     
   880.599976       0.0000000000000000     
   880.700012       0.0000000000000000     
   880.799988       0.0000000000000000     
   880.900024       0.0000000000000000     
   881.000000       0.0000000000000000     
   881.099976       0.0000000000000000     
   881.200012       0.0000000000000000     
   881.299988       0.0000000000000000     
   881.400024       0.0000000000000000     
   881.500000       0.0000000000000000     
   881.599976       0.0000000000000000     
   881.700012       0.0000000000000000     
   881.799988       0.0000000000000000     
   881.900024       0.0000000000000000     
   882.000000       0.0000000000000000     
   882.099976       0.0000000000000000     
   882.200012       0.0000000000000000     
   882.299988       0.0000000000000000     
   882.400024       0.0000000000000000     
   882.500000       0.0000000000000000     
   882.599976       0.0000000000000000     
   882.700012       0.0000000000000000     
   882.799988       0.0000000000000000     
   882.900024       0.0000000000000000     
   883.000000       0.0000000000000000     
   883.099976       0.0000000000000000     
   883.200012       0.0000000000000000     
   883.299988       0.0000000000000000     
   883.400024       0.0000000000000000     
   883.500000       0.0000000000000000     
   883.599976       0.0000000000000000     
   883.700012       0.0000000000000000     
   883.799988       0.0000000000000000     
   883.900024       0.0000000000000000     
   884.000000       0.0000000000000000     
   884.099976       0.0000000000000000     
   884.200012       0.0000000000000000     
   884.299988       0.0000000000000000     
   884.400024       0.0000000000000000     
   884.500000       0.0000000000000000     
   884.599976       0.0000000000000000     
   884.700012       0.0000000000000000     
   884.799988       0.0000000000000000     
   884.900024       0.0000000000000000     
   885.000000       0.0000000000000000     
   885.099976       0.0000000000000000     
   885.200012       0.0000000000000000     
   885.299988       0.0000000000000000     
   885.400024       0.0000000000000000     
   885.500000       0.0000000000000000     
   885.599976       0.0000000000000000     
   885.700012       0.0000000000000000     
   885.799988       0.0000000000000000     
   885.900024       0.0000000000000000     
   886.000000       0.0000000000000000     
   886.099976       0.0000000000000000     
   886.200012       0.0000000000000000     
   886.299988       0.0000000000000000     
   886.400024       0.0000000000000000     
   886.500000       0.0000000000000000     
   886.599976       0.0000000000000000     
   886.700012       0.0000000000000000     
   886.799988       0.0000000000000000     
   886.900024       0.0000000000000000     
   887.000000       0.0000000000000000     
   887.099976       0.0000000000000000     
   887.200012       0.0000000000000000     
   887.299988       0.0000000000000000     
   887.400024       0.0000000000000000     
   887.500000       0.0000000000000000     
   887.599976       0.0000000000000000     
   887.700012       0.0000000000000000     
   887.799988       0.0000000000000000     
   887.900024       0.0000000000000000     
   888.000000       0.0000000000000000     
   888.099976       0.0000000000000000     
   888.200012       0.0000000000000000     
   888.299988       0.0000000000000000     
   888.400024       0.0000000000000000     
   888.500000       0.0000000000000000     
   888.599976       0.0000000000000000     
   888.700012       0.0000000000000000     
   888.799988       0.0000000000000000     
   888.900024       0.0000000000000000     
   889.000000       0.0000000000000000     
   889.099976       0.0000000000000000     
   889.200012       0.0000000000000000     
   889.299988       0.0000000000000000     
   889.400024       0.0000000000000000     
   889.500000       0.0000000000000000     
   889.599976       0.0000000000000000     
   889.700012       0.0000000000000000     
   889.799988       0.0000000000000000     
   889.900024       0.0000000000000000     
   890.000000       0.0000000000000000     
   890.099976       0.0000000000000000     
   890.200012       0.0000000000000000     
   890.299988       0.0000000000000000     
   890.400024       0.0000000000000000     
   890.500000       0.0000000000000000     
   890.599976       0.0000000000000000     
   890.700012       0.0000000000000000     
   890.799988       0.0000000000000000     
   890.900024       0.0000000000000000     
   891.000000       0.0000000000000000     
   891.099976       0.0000000000000000     
   891.200012       0.0000000000000000     
   891.299988       0.0000000000000000     
   891.400024       0.0000000000000000     
   891.500000       0.0000000000000000     
   891.599976       0.0000000000000000     
   891.700012       0.0000000000000000     
   891.799988       0.0000000000000000     
   891.900024       0.0000000000000000     
   892.000000       0.0000000000000000     
   892.099976       0.0000000000000000     
   892.200012       0.0000000000000000     
   892.299988       0.0000000000000000     
   892.400024       0.0000000000000000     
   892.500000       0.0000000000000000     
   892.599976       0.0000000000000000     
   892.700012       0.0000000000000000     
   892.799988       0.0000000000000000     
   892.900024       0.0000000000000000     
   893.000000       0.0000000000000000     
   893.099976       0.0000000000000000     
   893.200012       0.0000000000000000     
   893.299988       0.0000000000000000     
   893.400024       0.0000000000000000     
   893.500000       0.0000000000000000     
   893.599976       0.0000000000000000     
   893.700012       0.0000000000000000     
   893.799988       0.0000000000000000     
   893.900024       0.0000000000000000     
   894.000000       0.0000000000000000     
   894.099976       0.0000000000000000     
   894.200012       0.0000000000000000     
   894.299988       0.0000000000000000     
   894.400024       0.0000000000000000     
   894.500000       0.0000000000000000     
   894.599976       0.0000000000000000     
   894.700012       0.0000000000000000     
   894.799988       0.0000000000000000     
   894.900024       0.0000000000000000     
   895.000000       0.0000000000000000     
   895.099976       0.0000000000000000     
   895.200012       0.0000000000000000     
   895.299988       0.0000000000000000     
   895.400024       0.0000000000000000     
   895.500000       0.0000000000000000     
   895.599976       0.0000000000000000     
   895.700012       0.0000000000000000     
   895.799988       0.0000000000000000     
   895.900024       0.0000000000000000     
   896.000000       0.0000000000000000     
   896.099976       0.0000000000000000     
   896.200012       0.0000000000000000     
   896.299988       0.0000000000000000     
   896.400024       0.0000000000000000     
   896.500000       0.0000000000000000     
   896.599976       0.0000000000000000     
   896.700012       0.0000000000000000     
   896.799988       0.0000000000000000     
   896.900024       0.0000000000000000     
   897.000000       0.0000000000000000     
   897.099976       0.0000000000000000     
   897.200012       0.0000000000000000     
   897.299988       0.0000000000000000     
   897.400024       0.0000000000000000     
   897.500000       0.0000000000000000     
   897.599976       0.0000000000000000     
   897.700012       0.0000000000000000     
   897.799988       0.0000000000000000     
   897.900024       0.0000000000000000     
   898.000000       0.0000000000000000     
   898.099976       0.0000000000000000     
   898.200012       0.0000000000000000     
   898.299988       0.0000000000000000     
   898.400024       0.0000000000000000     
   898.500000       0.0000000000000000     
   898.599976       0.0000000000000000     
   898.700012       0.0000000000000000     
   898.799988       0.0000000000000000     
   898.900024       0.0000000000000000     
   899.000000       0.0000000000000000     
   899.099976       0.0000000000000000     
   899.200012       0.0000000000000000     
   899.299988       0.0000000000000000     
   899.400024       0.0000000000000000     
   899.500000       0.0000000000000000     
   899.599976       0.0000000000000000     
   899.700012       0.0000000000000000     
   899.799988       0.0000000000000000     
   899.900024       0.0000000000000000     
   900.000000       0.0000000000000000     
   900.099976       0.0000000000000000     
   900.200012       0.0000000000000000     
   900.299988       0.0000000000000000     
   900.400024       0.0000000000000000     
   900.500000       0.0000000000000000     
   900.599976       0.0000000000000000     
   900.700012       0.0000000000000000     
   900.799988       0.0000000000000000     
   900.900024       0.0000000000000000     
   901.000000       0.0000000000000000     
   901.099976       0.0000000000000000     
   901.200012       0.0000000000000000     
   901.299988       0.0000000000000000     
   901.400024       0.0000000000000000     
   901.500000       0.0000000000000000     
   901.599976       0.0000000000000000     
   901.700012       0.0000000000000000     
   901.799988       0.0000000000000000     
   901.900024       0.0000000000000000     
   902.000000       0.0000000000000000     
   902.099976       0.0000000000000000     
   902.200012       0.0000000000000000     
   902.299988       0.0000000000000000     
   902.400024       0.0000000000000000     
   902.500000       0.0000000000000000     
   902.599976       0.0000000000000000     
   902.700012       0.0000000000000000     
   902.799988       0.0000000000000000     
   902.900024       0.0000000000000000     
   903.000000       0.0000000000000000     
   903.099976       0.0000000000000000     
   903.200012       0.0000000000000000     
   903.299988       0.0000000000000000     
   903.400024       0.0000000000000000     
   903.500000       0.0000000000000000     
   903.599976       0.0000000000000000     
   903.700012       0.0000000000000000     
   903.799988       0.0000000000000000     
   903.900024       0.0000000000000000     
   904.000000       0.0000000000000000     
   904.099976       0.0000000000000000     
   904.200012       0.0000000000000000     
   904.299988       0.0000000000000000     
   904.400024       0.0000000000000000     
   904.500000       0.0000000000000000     
   904.599976       0.0000000000000000     
   904.700012       0.0000000000000000     
   904.799988       0.0000000000000000     
   904.900024       0.0000000000000000     
   905.000000       0.0000000000000000     
   905.099976       0.0000000000000000     
   905.200012       0.0000000000000000     
   905.299988       0.0000000000000000     
   905.400024       0.0000000000000000     
   905.500000       0.0000000000000000     
   905.599976       0.0000000000000000     
   905.700012       0.0000000000000000     
   905.799988       0.0000000000000000     
   905.900024       0.0000000000000000     
   906.000000       0.0000000000000000     
   906.099976       0.0000000000000000     
   906.200012       0.0000000000000000     
   906.299988       0.0000000000000000     
   906.400024       0.0000000000000000     
   906.500000       0.0000000000000000     
   906.599976       0.0000000000000000     
   906.700012       0.0000000000000000     
   906.799988       0.0000000000000000     
   906.900024       0.0000000000000000     
   907.000000       0.0000000000000000     
   907.099976       0.0000000000000000     
   907.200012       0.0000000000000000     
   907.299988       0.0000000000000000     
   907.400024       0.0000000000000000     
   907.500000       0.0000000000000000     
   907.599976       0.0000000000000000     
   907.700012       0.0000000000000000     
   907.799988       0.0000000000000000     
   907.900024       0.0000000000000000     
   908.000000       0.0000000000000000     
   908.099976       0.0000000000000000     
   908.200012       0.0000000000000000     
   908.299988       0.0000000000000000     
   908.400024       0.0000000000000000     
   908.500000       0.0000000000000000     
   908.599976       0.0000000000000000     
   908.700012       0.0000000000000000     
   908.799988       0.0000000000000000     
   908.900024       0.0000000000000000     
   909.000000       0.0000000000000000     
   909.099976       0.0000000000000000     
   909.200012       0.0000000000000000     
   909.299988       0.0000000000000000     
   909.400024       0.0000000000000000     
   909.500000       0.0000000000000000     
   909.599976       0.0000000000000000     
   909.700012       0.0000000000000000     
   909.799988       0.0000000000000000     
   909.900024       0.0000000000000000     
   910.000000       0.0000000000000000     
   910.099976       0.0000000000000000     
   910.200012       0.0000000000000000     
   910.299988       0.0000000000000000     
   910.400024       0.0000000000000000     
   910.500000       0.0000000000000000     
   910.599976       0.0000000000000000     
   910.700012       0.0000000000000000     
   910.799988       0.0000000000000000     
   910.900024       0.0000000000000000     
   911.000000       0.0000000000000000     
   911.099976       0.0000000000000000     
   911.200012       0.0000000000000000     
   911.299988       0.0000000000000000     
   911.400024       0.0000000000000000     
   911.500000       0.0000000000000000     
   911.599976       0.0000000000000000     
   911.700012       0.0000000000000000     
   911.799988       0.0000000000000000     
   911.900024       0.0000000000000000     
   912.000000       0.0000000000000000     
   912.099976       0.0000000000000000     
   912.200012       0.0000000000000000     
   912.299988       0.0000000000000000     
   912.400024       0.0000000000000000     
   912.500000       0.0000000000000000     
   912.599976       0.0000000000000000     
   912.700012       0.0000000000000000     
   912.799988       0.0000000000000000     
   912.900024       0.0000000000000000     
   913.000000       0.0000000000000000     
   913.099976       0.0000000000000000     
   913.200012       0.0000000000000000     
   913.299988       0.0000000000000000     
   913.400024       0.0000000000000000     
   913.500000       0.0000000000000000     
   913.599976       0.0000000000000000     
   913.700012       0.0000000000000000     
   913.799988       0.0000000000000000     
   913.900024       0.0000000000000000     
   914.000000       0.0000000000000000     
   914.099976       0.0000000000000000     
   914.200012       0.0000000000000000     
   914.299988       0.0000000000000000     
   914.400024       0.0000000000000000     
   914.500000       0.0000000000000000     
   914.599976       0.0000000000000000     
   914.700012       0.0000000000000000     
   914.799988       0.0000000000000000     
   914.900024       0.0000000000000000     
   915.000000       0.0000000000000000     
   915.099976       0.0000000000000000     
   915.200012       0.0000000000000000     
   915.299988       0.0000000000000000     
   915.400024       0.0000000000000000     
   915.500000       0.0000000000000000     
   915.599976       0.0000000000000000     
   915.700012       0.0000000000000000     
   915.799988       0.0000000000000000     
   915.900024       0.0000000000000000     
   916.000000       0.0000000000000000     
   916.099976       0.0000000000000000     
   916.200012       0.0000000000000000     
   916.299988       0.0000000000000000     
   916.400024       0.0000000000000000     
   916.500000       0.0000000000000000     
   916.599976       0.0000000000000000     
   916.700012       0.0000000000000000     
   916.799988       0.0000000000000000     
   916.900024       0.0000000000000000     
   917.000000       0.0000000000000000     
   917.099976       0.0000000000000000     
   917.200012       0.0000000000000000     
   917.299988       0.0000000000000000     
   917.400024       0.0000000000000000     
   917.500000       0.0000000000000000     
   917.599976       0.0000000000000000     
   917.700012       0.0000000000000000     
   917.799988       0.0000000000000000     
   917.900024       0.0000000000000000     
   918.000000       0.0000000000000000     
   918.099976       0.0000000000000000     
   918.200012       0.0000000000000000     
   918.299988       0.0000000000000000     
   918.400024       0.0000000000000000     
   918.500000       0.0000000000000000     
   918.599976       0.0000000000000000     
   918.700012       0.0000000000000000     
   918.799988       0.0000000000000000     
   918.900024       0.0000000000000000     
   919.000000       0.0000000000000000     
   919.099976       0.0000000000000000     
   919.200012       0.0000000000000000     
   919.299988       0.0000000000000000     
   919.400024       0.0000000000000000     
   919.500000       0.0000000000000000     
   919.599976       0.0000000000000000     
   919.700012       0.0000000000000000     
   919.799988       0.0000000000000000     
   919.900024       0.0000000000000000     
   920.000000       0.0000000000000000     
   920.099976       0.0000000000000000     
   920.200012       0.0000000000000000     
   920.299988       0.0000000000000000     
   920.400024       0.0000000000000000     
   920.500000       0.0000000000000000     
   920.599976       0.0000000000000000     
   920.700012       0.0000000000000000     
   920.799988       0.0000000000000000     
   920.900024       0.0000000000000000     
   921.000000       0.0000000000000000     
   921.099976       0.0000000000000000     
   921.200012       0.0000000000000000     
   921.299988       0.0000000000000000     
   921.400024       0.0000000000000000     
   921.500000       0.0000000000000000     
   921.599976       0.0000000000000000     
   921.700012       0.0000000000000000     
   921.799988       0.0000000000000000     
   921.900024       0.0000000000000000     
   922.000000       0.0000000000000000     
   922.099976       0.0000000000000000     
   922.200012       0.0000000000000000     
   922.299988       0.0000000000000000     
   922.400024       0.0000000000000000     
   922.500000       0.0000000000000000     
   922.599976       0.0000000000000000     
   922.700012       0.0000000000000000     
   922.799988       0.0000000000000000     
   922.900024       0.0000000000000000     
   923.000000       0.0000000000000000     
   923.099976       0.0000000000000000     
   923.200012       0.0000000000000000     
   923.299988       0.0000000000000000     
   923.400024       0.0000000000000000     
   923.500000       0.0000000000000000     
   923.599976       0.0000000000000000     
   923.700012       0.0000000000000000     
   923.799988       0.0000000000000000     
   923.900024       0.0000000000000000     
   924.000000       0.0000000000000000     
   924.099976       0.0000000000000000     
   924.200012       0.0000000000000000     
   924.299988       0.0000000000000000     
   924.400024       0.0000000000000000     
   924.500000       0.0000000000000000     
   924.599976       0.0000000000000000     
   924.700012       0.0000000000000000     
   924.799988       0.0000000000000000     
   924.900024       0.0000000000000000     
   925.000000       0.0000000000000000     
   925.099976       0.0000000000000000     
   925.200012       0.0000000000000000     
   925.299988       0.0000000000000000     
   925.400024       0.0000000000000000     
   925.500000       0.0000000000000000     
   925.599976       0.0000000000000000     
   925.700012       0.0000000000000000     
   925.799988       0.0000000000000000     
   925.900024       0.0000000000000000     
   926.000000       0.0000000000000000     
   926.099976       0.0000000000000000     
   926.200012       0.0000000000000000     
   926.299988       0.0000000000000000     
   926.400024       0.0000000000000000     
   926.500000       0.0000000000000000     
   926.599976       0.0000000000000000     
   926.700012       0.0000000000000000     
   926.799988       0.0000000000000000     
   926.900024       0.0000000000000000     
   927.000000       0.0000000000000000     
   927.099976       0.0000000000000000     
   927.200012       0.0000000000000000     
   927.299988       0.0000000000000000     
   927.400024       0.0000000000000000     
   927.500000       0.0000000000000000     
   927.599976       0.0000000000000000     
   927.700012       0.0000000000000000     
   927.799988       0.0000000000000000     
   927.900024       0.0000000000000000     
   928.000000       0.0000000000000000     
   928.099976       0.0000000000000000     
   928.200012       0.0000000000000000     
   928.299988       0.0000000000000000     
   928.400024       0.0000000000000000     
   928.500000       0.0000000000000000     
   928.599976       0.0000000000000000     
   928.700012       0.0000000000000000     
   928.799988       0.0000000000000000     
   928.900024       0.0000000000000000     
   929.000000       0.0000000000000000     
   929.099976       0.0000000000000000     
   929.200012       0.0000000000000000     
   929.299988       0.0000000000000000     
   929.400024       0.0000000000000000     
   929.500000       0.0000000000000000     
   929.599976       0.0000000000000000     
   929.700012       0.0000000000000000     
   929.799988       0.0000000000000000     
   929.900024       0.0000000000000000     
   930.000000       0.0000000000000000     
   930.099976       0.0000000000000000     
   930.200012       0.0000000000000000     
   930.299988       0.0000000000000000     
   930.400024       0.0000000000000000     
   930.500000       0.0000000000000000     
   930.599976       0.0000000000000000     
   930.700012       0.0000000000000000     
   930.799988       0.0000000000000000     
   930.900024       0.0000000000000000     
   931.000000       0.0000000000000000     
   931.099976       0.0000000000000000     
   931.200012       0.0000000000000000     
   931.299988       0.0000000000000000     
   931.400024       0.0000000000000000     
   931.500000       0.0000000000000000     
   931.599976       0.0000000000000000     
   931.700012       0.0000000000000000     
   931.799988       0.0000000000000000     
   931.900024       0.0000000000000000     
   932.000000       0.0000000000000000     
   932.099976       0.0000000000000000     
   932.200012       0.0000000000000000     
   932.299988       0.0000000000000000     
   932.400024       0.0000000000000000     
   932.500000       0.0000000000000000     
   932.599976       0.0000000000000000     
   932.700012       0.0000000000000000     
   932.799988       0.0000000000000000     
   932.900024       0.0000000000000000     
   933.000000       0.0000000000000000     
   933.099976       0.0000000000000000     
   933.200012       0.0000000000000000     
   933.299988       0.0000000000000000     
   933.400024       0.0000000000000000     
   933.500000       0.0000000000000000     
   933.599976       0.0000000000000000     
   933.700012       0.0000000000000000     
   933.799988       0.0000000000000000     
   933.900024       0.0000000000000000     
   934.000000       0.0000000000000000     
   934.099976       0.0000000000000000     
   934.200012       0.0000000000000000     
   934.299988       0.0000000000000000     
   934.400024       0.0000000000000000     
   934.500000       0.0000000000000000     
   934.599976       0.0000000000000000     
   934.700012       0.0000000000000000     
   934.799988       0.0000000000000000     
   934.900024       0.0000000000000000     
   935.000000       0.0000000000000000     
   935.099976       0.0000000000000000     
   935.200012       0.0000000000000000     
   935.299988       0.0000000000000000     
   935.400024       0.0000000000000000     
   935.500000       0.0000000000000000     
   935.599976       0.0000000000000000     
   935.700012       0.0000000000000000     
   935.799988       0.0000000000000000     
   935.900024       0.0000000000000000     
   936.000000       0.0000000000000000     
   936.099976       0.0000000000000000     
   936.200012       0.0000000000000000     
   936.299988       0.0000000000000000     
   936.400024       0.0000000000000000     
   936.500000       0.0000000000000000     
   936.599976       0.0000000000000000     
   936.700012       0.0000000000000000     
   936.799988       0.0000000000000000     
   936.900024       0.0000000000000000     
   937.000000       0.0000000000000000     
   937.099976       0.0000000000000000     
   937.200012       0.0000000000000000     
   937.299988       0.0000000000000000     
   937.400024       0.0000000000000000     
   937.500000       0.0000000000000000     
   937.599976       0.0000000000000000     
   937.700012       0.0000000000000000     
   937.799988       0.0000000000000000     
   937.900024       0.0000000000000000     
   938.000000       0.0000000000000000     
   938.099976       0.0000000000000000     
   938.200012       0.0000000000000000     
   938.299988       0.0000000000000000     
   938.400024       0.0000000000000000     
   938.500000       0.0000000000000000     
   938.599976       0.0000000000000000     
   938.700012       0.0000000000000000     
   938.799988       0.0000000000000000     
   938.900024       0.0000000000000000     
   939.000000       0.0000000000000000     
   939.099976       0.0000000000000000     
   939.200012       0.0000000000000000     
   939.299988       0.0000000000000000     
   939.400024       0.0000000000000000     
   939.500000       0.0000000000000000     
   939.599976       0.0000000000000000     
   939.700012       0.0000000000000000     
   939.799988       0.0000000000000000     
   939.900024       0.0000000000000000     
   940.000000       0.0000000000000000     
   940.099976       0.0000000000000000     
   940.200012       0.0000000000000000     
   940.299988       0.0000000000000000     
   940.400024       0.0000000000000000     
   940.500000       0.0000000000000000     
   940.599976       0.0000000000000000     
   940.700012       0.0000000000000000     
   940.799988       0.0000000000000000     
   940.900024       0.0000000000000000     
   941.000000       0.0000000000000000     
   941.099976       0.0000000000000000     
   941.200012       0.0000000000000000     
   941.299988       0.0000000000000000     
   941.400024       0.0000000000000000     
   941.500000       0.0000000000000000     
   941.599976       0.0000000000000000     
   941.700012       0.0000000000000000     
   941.799988       0.0000000000000000     
   941.900024       0.0000000000000000     
   942.000000       0.0000000000000000     
   942.099976       0.0000000000000000     
   942.200012       0.0000000000000000     
   942.299988       0.0000000000000000     
   942.400024       0.0000000000000000     
   942.500000       0.0000000000000000     
   942.599976       0.0000000000000000     
   942.700012       0.0000000000000000     
   942.799988       0.0000000000000000     
   942.900024       0.0000000000000000     
   943.000000       0.0000000000000000     
   943.099976       0.0000000000000000     
   943.200012       0.0000000000000000     
   943.299988       0.0000000000000000     
   943.400024       0.0000000000000000     
   943.500000       0.0000000000000000     
   943.599976       0.0000000000000000     
   943.700012       0.0000000000000000     
   943.799988       0.0000000000000000     
   943.900024       0.0000000000000000     
   944.000000       0.0000000000000000     
   944.099976       0.0000000000000000     
   944.200012       0.0000000000000000     
   944.299988       0.0000000000000000     
   944.400024       0.0000000000000000     
   944.500000       0.0000000000000000     
   944.599976       0.0000000000000000     
   944.700012       0.0000000000000000     
   944.799988       0.0000000000000000     
   944.900024       0.0000000000000000     
   945.000000       0.0000000000000000     
   945.099976       0.0000000000000000     
   945.200012       0.0000000000000000     
   945.299988       0.0000000000000000     
   945.400024       0.0000000000000000     
   945.500000       0.0000000000000000     
   945.599976       0.0000000000000000     
   945.700012       0.0000000000000000     
   945.799988       0.0000000000000000     
   945.900024       0.0000000000000000     
   946.000000       0.0000000000000000     
   946.099976       0.0000000000000000     
   946.200012       0.0000000000000000     
   946.299988       0.0000000000000000     
   946.400024       0.0000000000000000     
   946.500000       0.0000000000000000     
   946.599976       0.0000000000000000     
   946.700012       0.0000000000000000     
   946.799988       0.0000000000000000     
   946.900024       0.0000000000000000     
   947.000000       0.0000000000000000     
   947.099976       0.0000000000000000     
   947.200012       0.0000000000000000     
   947.299988       0.0000000000000000     
   947.400024       0.0000000000000000     
   947.500000       0.0000000000000000     
   947.599976       0.0000000000000000     
   947.700012       0.0000000000000000     
   947.799988       0.0000000000000000     
   947.900024       0.0000000000000000     
   948.000000       0.0000000000000000     
   948.099976       0.0000000000000000     
   948.200012       0.0000000000000000     
   948.299988       0.0000000000000000     
   948.400024       0.0000000000000000     
   948.500000       0.0000000000000000     
   948.599976       0.0000000000000000     
   948.700012       0.0000000000000000     
   948.799988       0.0000000000000000     
   948.900024       0.0000000000000000     
   949.000000       0.0000000000000000     
   949.099976       0.0000000000000000     
   949.200012       0.0000000000000000     
   949.299988       0.0000000000000000     
   949.400024       0.0000000000000000     
   949.500000       0.0000000000000000     
   949.599976       0.0000000000000000     
   949.700012       0.0000000000000000     
   949.799988       0.0000000000000000     
   949.900024       0.0000000000000000     
   950.000000       0.0000000000000000     
   950.099976       0.0000000000000000     
   950.200012       0.0000000000000000     
   950.299988       0.0000000000000000     
   950.400024       0.0000000000000000     
   950.500000       0.0000000000000000     
   950.599976       0.0000000000000000     
   950.700012       0.0000000000000000     
   950.799988       0.0000000000000000     
   950.900024       0.0000000000000000     
   951.000000       0.0000000000000000     
   951.099976       0.0000000000000000     
   951.200012       0.0000000000000000     
   951.299988       0.0000000000000000     
   951.400024       0.0000000000000000     
   951.500000       0.0000000000000000     
   951.599976       0.0000000000000000     
   951.700012       0.0000000000000000     
   951.799988       0.0000000000000000     
   951.900024       0.0000000000000000     
   952.000000       0.0000000000000000     
   952.099976       0.0000000000000000     
   952.200012       0.0000000000000000     
   952.299988       0.0000000000000000     
   952.400024       0.0000000000000000     
   952.500000       0.0000000000000000     
   952.599976       0.0000000000000000     
   952.700012       0.0000000000000000     
   952.799988       0.0000000000000000     
   952.900024       0.0000000000000000     
   953.000000       0.0000000000000000     
   953.099976       0.0000000000000000     
   953.200012       0.0000000000000000     
   953.299988       0.0000000000000000     
   953.400024       0.0000000000000000     
   953.500000       0.0000000000000000     
   953.599976       0.0000000000000000     
   953.700012       0.0000000000000000     
   953.799988       0.0000000000000000     
   953.900024       0.0000000000000000     
   954.000000       0.0000000000000000     
   954.099976       0.0000000000000000     
   954.200012       0.0000000000000000     
   954.299988       0.0000000000000000     
   954.400024       0.0000000000000000     
   954.500000       0.0000000000000000     
   954.599976       0.0000000000000000     
   954.700012       0.0000000000000000     
   954.799988       0.0000000000000000     
   954.900024       0.0000000000000000     
   955.000000       0.0000000000000000     
   955.099976       0.0000000000000000     
   955.200012       0.0000000000000000     
   955.299988       0.0000000000000000     
   955.400024       0.0000000000000000     
   955.500000       0.0000000000000000     
   955.599976       0.0000000000000000     
   955.700012       0.0000000000000000     
   955.799988       0.0000000000000000     
   955.900024       0.0000000000000000     
   956.000000       0.0000000000000000     
   956.099976       0.0000000000000000     
   956.200012       0.0000000000000000     
   956.299988       0.0000000000000000     
   956.400024       0.0000000000000000     
   956.500000       0.0000000000000000     
   956.599976       0.0000000000000000     
   956.700012       0.0000000000000000     
   956.799988       0.0000000000000000     
   956.900024       0.0000000000000000     
   957.000000       0.0000000000000000     
   957.099976       0.0000000000000000     
   957.200012       0.0000000000000000     
   957.299988       0.0000000000000000     
   957.400024       0.0000000000000000     
   957.500000       0.0000000000000000     
   957.599976       0.0000000000000000     
   957.700012       0.0000000000000000     
   957.799988       0.0000000000000000     
   957.900024       0.0000000000000000     
   958.000000       0.0000000000000000     
   958.099976       0.0000000000000000     
   958.200012       0.0000000000000000     
   958.299988       0.0000000000000000     
   958.400024       0.0000000000000000     
   958.500000       0.0000000000000000     
   958.599976       0.0000000000000000     
   958.700012       0.0000000000000000     
   958.799988       0.0000000000000000     
   958.900024       0.0000000000000000     
   959.000000       0.0000000000000000     
   959.099976       0.0000000000000000     
   959.200012       0.0000000000000000     
   959.299988       0.0000000000000000     
   959.400024       0.0000000000000000     
   959.500000       0.0000000000000000     
   959.599976       0.0000000000000000     
   959.700012       0.0000000000000000     
   959.799988       0.0000000000000000     
   959.900024       0.0000000000000000     
   960.000000       0.0000000000000000     
   960.099976       0.0000000000000000     
   960.200012       0.0000000000000000     
   960.299988       0.0000000000000000     
   960.400024       0.0000000000000000     
   960.500000       0.0000000000000000     
   960.599976       0.0000000000000000     
   960.700012       0.0000000000000000     
   960.799988       0.0000000000000000     
   960.900024       0.0000000000000000     
   961.000000       0.0000000000000000     
   961.099976       0.0000000000000000     
   961.200012       0.0000000000000000     
   961.299988       0.0000000000000000     
   961.400024       0.0000000000000000     
   961.500000       0.0000000000000000     
   961.599976       0.0000000000000000     
   961.700012       0.0000000000000000     
   961.799988       0.0000000000000000     
   961.900024       0.0000000000000000     
   962.000000       0.0000000000000000     
   962.099976       0.0000000000000000     
   962.200012       0.0000000000000000     
   962.299988       0.0000000000000000     
   962.400024       0.0000000000000000     
   962.500000       0.0000000000000000     
   962.599976       0.0000000000000000     
   962.700012       0.0000000000000000     
   962.799988       0.0000000000000000     
   962.900024       0.0000000000000000     
   963.000000       0.0000000000000000     
   963.099976       0.0000000000000000     
   963.200012       0.0000000000000000     
   963.299988       0.0000000000000000     
   963.400024       0.0000000000000000     
   963.500000       0.0000000000000000     
   963.599976       0.0000000000000000     
   963.700012       0.0000000000000000     
   963.799988       0.0000000000000000     
   963.900024       0.0000000000000000     
   964.000000       0.0000000000000000     
   964.099976       0.0000000000000000     
   964.200012       0.0000000000000000     
   964.299988       0.0000000000000000     
   964.400024       0.0000000000000000     
   964.500000       0.0000000000000000     
   964.599976       0.0000000000000000     
   964.700012       0.0000000000000000     
   964.799988       0.0000000000000000     
   964.900024       0.0000000000000000     
   965.000000       0.0000000000000000     
   965.099976       0.0000000000000000     
   965.200012       0.0000000000000000     
   965.299988       0.0000000000000000     
   965.400024       0.0000000000000000     
   965.500000       0.0000000000000000     
   965.599976       0.0000000000000000     
   965.700012       0.0000000000000000     
   965.799988       0.0000000000000000     
   965.900024       0.0000000000000000     
   966.000000       0.0000000000000000     
   966.099976       0.0000000000000000     
   966.200012       0.0000000000000000     
   966.299988       0.0000000000000000     
   966.400024       0.0000000000000000     
   966.500000       0.0000000000000000     
   966.599976       0.0000000000000000     
   966.700012       0.0000000000000000     
   966.799988       0.0000000000000000     
   966.900024       0.0000000000000000     
   967.000000       0.0000000000000000     
   967.099976       0.0000000000000000     
   967.200012       0.0000000000000000     
   967.299988       0.0000000000000000     
   967.400024       0.0000000000000000     
   967.500000       0.0000000000000000     
   967.599976       0.0000000000000000     
   967.700012       0.0000000000000000     
   967.799988       0.0000000000000000     
   967.900024       0.0000000000000000     
   968.000000       0.0000000000000000     
   968.099976       0.0000000000000000     
   968.200012       0.0000000000000000     
   968.299988       0.0000000000000000     
   968.400024       0.0000000000000000     
   968.500000       0.0000000000000000     
   968.599976       0.0000000000000000     
   968.700012       0.0000000000000000     
   968.799988       0.0000000000000000     
   968.900024       0.0000000000000000     
   969.000000       0.0000000000000000     
   969.099976       0.0000000000000000     
   969.200012       0.0000000000000000     
   969.299988       0.0000000000000000     
   969.400024       0.0000000000000000     
   969.500000       0.0000000000000000     
   969.599976       0.0000000000000000     
   969.700012       0.0000000000000000     
   969.799988       0.0000000000000000     
   969.900024       0.0000000000000000     
   970.000000       0.0000000000000000     
   970.099976       0.0000000000000000     
   970.200012       0.0000000000000000     
   970.299988       0.0000000000000000     
   970.400024       0.0000000000000000     
   970.500000       0.0000000000000000     
   970.599976       0.0000000000000000     
   970.700012       0.0000000000000000     
   970.799988       0.0000000000000000     
   970.900024       0.0000000000000000     
   971.000000       0.0000000000000000     
   971.099976       0.0000000000000000     
   971.200012       0.0000000000000000     
   971.299988       0.0000000000000000     
   971.400024       0.0000000000000000     
   971.500000       0.0000000000000000     
   971.599976       0.0000000000000000     
   971.700012       0.0000000000000000     
   971.799988       0.0000000000000000     
   971.900024       0.0000000000000000     
   972.000000       0.0000000000000000     
   972.099976       0.0000000000000000     
   972.200012       0.0000000000000000     
   972.299988       0.0000000000000000     
   972.400024       0.0000000000000000     
   972.500000       0.0000000000000000     
   972.599976       0.0000000000000000     
   972.700012       0.0000000000000000     
   972.799988       0.0000000000000000     
   972.900024       0.0000000000000000     
   973.000000       0.0000000000000000     
   973.099976       0.0000000000000000     
   973.200012       0.0000000000000000     
   973.299988       0.0000000000000000     
   973.400024       0.0000000000000000     
   973.500000       0.0000000000000000     
   973.599976       0.0000000000000000     
   973.700012       0.0000000000000000     
   973.799988       0.0000000000000000     
   973.900024       0.0000000000000000     
   974.000000       0.0000000000000000     
   974.099976       0.0000000000000000     
   974.200012       0.0000000000000000     
   974.299988       0.0000000000000000     
   974.400024       0.0000000000000000     
   974.500000       0.0000000000000000     
   974.599976       0.0000000000000000     
   974.700012       0.0000000000000000     
   974.799988       0.0000000000000000     
   974.900024       0.0000000000000000     
   975.000000       0.0000000000000000     
   975.099976       0.0000000000000000     
   975.200012       0.0000000000000000     
   975.299988       0.0000000000000000     
   975.400024       0.0000000000000000     
   975.500000       0.0000000000000000     
   975.599976       0.0000000000000000     
   975.700012       0.0000000000000000     
   975.799988       0.0000000000000000     
   975.900024       0.0000000000000000     
   976.000000       0.0000000000000000     
   976.099976       0.0000000000000000     
   976.200012       0.0000000000000000     
   976.299988       0.0000000000000000     
   976.400024       0.0000000000000000     
   976.500000       0.0000000000000000     
   976.599976       0.0000000000000000     
   976.700012       0.0000000000000000     
   976.799988       0.0000000000000000     
   976.900024       0.0000000000000000     
   977.000000       0.0000000000000000     
   977.099976       0.0000000000000000     
   977.200012       0.0000000000000000     
   977.299988       0.0000000000000000     
   977.400024       0.0000000000000000     
   977.500000       0.0000000000000000     
   977.599976       0.0000000000000000     
   977.700012       0.0000000000000000     
   977.799988       0.0000000000000000     
   977.900024       0.0000000000000000     
   978.000000       0.0000000000000000     
   978.099976       0.0000000000000000     
   978.200012       0.0000000000000000     
   978.299988       0.0000000000000000     
   978.400024       0.0000000000000000     
   978.500000       0.0000000000000000     
   978.599976       0.0000000000000000     
   978.700012       0.0000000000000000     
   978.799988       0.0000000000000000     
   978.900024       0.0000000000000000     
   979.000000       0.0000000000000000     
   979.099976       0.0000000000000000     
   979.200012       0.0000000000000000     
   979.299988       0.0000000000000000     
   979.400024       0.0000000000000000     
   979.500000       0.0000000000000000     
   979.599976       0.0000000000000000     
   979.700012       0.0000000000000000     
   979.799988       0.0000000000000000     
   979.900024       0.0000000000000000     
   980.000000       0.0000000000000000     
   980.099976       0.0000000000000000     
   980.200012       0.0000000000000000     
   980.299988       0.0000000000000000     
   980.400024       0.0000000000000000     
   980.500000       0.0000000000000000     
   980.599976       0.0000000000000000     
   980.700012       0.0000000000000000     
   980.799988       0.0000000000000000     
   980.900024       0.0000000000000000     
   981.000000       0.0000000000000000     
   981.099976       0.0000000000000000     
   981.200012       0.0000000000000000     
   981.299988       0.0000000000000000     
   981.400024       0.0000000000000000     
   981.500000       0.0000000000000000     
   981.599976       0.0000000000000000     
   981.700012       0.0000000000000000     
   981.799988       0.0000000000000000     
   981.900024       0.0000000000000000     
   982.000000       0.0000000000000000     
   982.099976       0.0000000000000000     
   982.200012       0.0000000000000000     
   982.299988       0.0000000000000000     
   982.400024       0.0000000000000000     
   982.500000       0.0000000000000000     
   982.599976       0.0000000000000000     
   982.700012       0.0000000000000000     
   982.799988       0.0000000000000000     
   982.900024       0.0000000000000000     
   983.000000       0.0000000000000000     
   983.099976       0.0000000000000000     
   983.200012       0.0000000000000000     
   983.299988       0.0000000000000000     
   983.400024       0.0000000000000000     
   983.500000       0.0000000000000000     
   983.599976       0.0000000000000000     
   983.700012       0.0000000000000000     
   983.799988       0.0000000000000000     
   983.900024       0.0000000000000000     
   984.000000       0.0000000000000000     
   984.099976       0.0000000000000000     
   984.200012       0.0000000000000000     
   984.299988       0.0000000000000000     
   984.400024       0.0000000000000000     
   984.500000       0.0000000000000000     
   984.599976       0.0000000000000000     
   984.700012       0.0000000000000000     
   984.799988       0.0000000000000000     
   984.900024       0.0000000000000000     
   985.000000       0.0000000000000000     
   985.099976       0.0000000000000000     
   985.200012       0.0000000000000000     
   985.299988       0.0000000000000000     
   985.400024       0.0000000000000000     
   985.500000       0.0000000000000000     
   985.599976       0.0000000000000000     
   985.700012       0.0000000000000000     
   985.799988       0.0000000000000000     
   985.900024       0.0000000000000000     
   986.000000       0.0000000000000000     
   986.099976       0.0000000000000000     
   986.200012       0.0000000000000000     
   986.299988       0.0000000000000000     
   986.400024       0.0000000000000000     
   986.500000       0.0000000000000000     
   986.599976       0.0000000000000000     
   986.700012       0.0000000000000000     
   986.799988       0.0000000000000000     
   986.900024       0.0000000000000000     
   987.000000       0.0000000000000000     
   987.099976       0.0000000000000000     
   987.200012       0.0000000000000000     
   987.299988       0.0000000000000000     
   987.400024       0.0000000000000000     
   987.500000       0.0000000000000000     
   987.599976       0.0000000000000000     
   987.700012       0.0000000000000000     
   987.799988       0.0000000000000000     
   987.900024       0.0000000000000000     
   988.000000       0.0000000000000000     
   988.099976       0.0000000000000000     
   988.200012       0.0000000000000000     
   988.299988       0.0000000000000000     
   988.400024       0.0000000000000000     
   988.500000       0.0000000000000000     
   988.599976       0.0000000000000000     
   988.700012       0.0000000000000000     
   988.799988       0.0000000000000000     
   988.900024       0.0000000000000000     
   989.000000       0.0000000000000000     
   989.099976       0.0000000000000000     
   989.200012       0.0000000000000000     
   989.299988       0.0000000000000000     
   989.400024       0.0000000000000000     
   989.500000       0.0000000000000000     
   989.599976       0.0000000000000000     
   989.700012       0.0000000000000000     
   989.799988       0.0000000000000000     
   989.900024       0.0000000000000000     
   990.000000       0.0000000000000000     
   990.099976       0.0000000000000000     
   990.200012       0.0000000000000000     
   990.299988       0.0000000000000000     
   990.400024       0.0000000000000000     
   990.500000       0.0000000000000000     
   990.599976       0.0000000000000000     
   990.700012       0.0000000000000000     
   990.799988       0.0000000000000000     
   990.900024       0.0000000000000000     
   991.000000       0.0000000000000000     
   991.099976       0.0000000000000000     
   991.200012       0.0000000000000000     
   991.299988       0.0000000000000000     
   991.400024       0.0000000000000000     
   991.500000       0.0000000000000000     
   991.599976       0.0000000000000000     
   991.700012       0.0000000000000000     
   991.799988       0.0000000000000000     
   991.900024       0.0000000000000000     
   992.000000       0.0000000000000000     
   992.099976       0.0000000000000000     
   992.200012       0.0000000000000000     
   992.299988       0.0000000000000000     
   992.400024       0.0000000000000000     
   992.500000       0.0000000000000000     
   992.599976       0.0000000000000000     
   992.700012       0.0000000000000000     
   992.799988       0.0000000000000000     
   992.900024       0.0000000000000000     
   993.000000       0.0000000000000000     
   993.099976       0.0000000000000000     
   993.200012       0.0000000000000000     
   993.299988       0.0000000000000000     
   993.400024       0.0000000000000000     
   993.500000       0.0000000000000000     
   993.599976       0.0000000000000000     
   993.700012       0.0000000000000000     
   993.799988       0.0000000000000000     
   993.900024       0.0000000000000000     
   994.000000       0.0000000000000000     
   994.099976       0.0000000000000000     
   994.200012       0.0000000000000000     
   994.299988       0.0000000000000000     
   994.400024       0.0000000000000000     
   994.500000       0.0000000000000000     
   994.599976       0.0000000000000000     
   994.700012       0.0000000000000000     
   994.799988       0.0000000000000000     
   994.900024       0.0000000000000000     
   995.000000       0.0000000000000000     
   995.099976       0.0000000000000000     
   995.200012       0.0000000000000000     
   995.299988       0.0000000000000000     
   995.400024       0.0000000000000000     
   995.500000       0.0000000000000000     
   995.599976       0.0000000000000000     
   995.700012       0.0000000000000000     
   995.799988       0.0000000000000000     
   995.900024       0.0000000000000000     
   996.000000       0.0000000000000000     
   996.099976       0.0000000000000000     
   996.200012       0.0000000000000000     
   996.299988       0.0000000000000000     
   996.400024       0.0000000000000000     
   996.500000       0.0000000000000000     
   996.599976       0.0000000000000000     
   996.700012       0.0000000000000000     
   996.799988       0.0000000000000000     
   996.900024       0.0000000000000000     
   997.000000       0.0000000000000000     
   997.099976       0.0000000000000000     
   997.200012       0.0000000000000000     
   997.299988       0.0000000000000000     
   997.400024       0.0000000000000000     
   997.500000       0.0000000000000000     
   997.599976       0.0000000000000000     
   997.700012       0.0000000000000000     
   997.799988       0.0000000000000000     
   997.900024       0.0000000000000000     
   998.000000       0.0000000000000000     
   998.099976       0.0000000000000000     
   998.200012       0.0000000000000000     
   998.299988       0.0000000000000000     
   998.400024       0.0000000000000000     
   998.500000       0.0000000000000000     
   998.599976       0.0000000000000000     
   998.700012       0.0000000000000000     
   998.799988       0.0000000000000000     
   998.900024       0.0000000000000000     
   999.000000       0.0000000000000000     
   999.099976       0.0000000000000000     
   999.200012       0.0000000000000000     
   999.299988       0.0000000000000000     
   999.400024       0.0000000000000000     
   999.500000       0.0000000000000000     
   999.599976       0.0000000000000000     
   999.700012       0.0000000000000000     
   999.799988       0.0000000000000000     
   999.900024       0.0000000000000000     
   1000.00000       0.0000000000000000     
